"annot","pVal","phase","peak.shape","period"
"Selenbp2",3.13576185590035e-06,24,10,24
"Serpina4-ps1",3.33405031333097e-05,20,10,24
"Acta1",5.18328858085237e-05,10,20,24
"Aqp8",4.74642437299601e-07,4,10,24
"Saa1",0.0212679532154697,2,4,24
"Myh1",0.000653831945005526,10,20,24
"Ppp1r3c",2.79510420796372e-17,22,14,24
"Rgs16",3.11741669591354e-18,10,14,24
"Atp2a1",0.000669677258232309,10,20,24
"Mfsd2a",3.22592913284589e-14,14,12,24
"Hba-a1",2.82357731917748e-05,22,10,24
"Cldn1",1.64873024379092e-19,2,10,24
"Neb",0.000397963231732058,10,18,24
"Ttn",0.00133724904589365,10,18,24
"Chka",6.53271570226243e-24,2,8,24
"Saa2",0.0719026489146416,2,4,24
"C4a",0.00047382201877837,16,14,24
"Myh2",0.125399650896642,10,20,24
"Mcm10",1.16902589051781e-09,10,16,24
"Tnnt3",0.0235880923163185,10,20,24
"Vnn1",1.09366142855509e-07,10,14,24
"Cav1",0.0730029755539248,6,10,16
"Nr1d1",7.61297054474486e-21,8,14,24
"Ddc",1.92478807026147e-18,22,14,24
"Slc30a10",2.00030195301549e-16,4,8,24
"Noct",5.27347434671458e-08,14,16,24
"Dusp1",4.32910292593803e-09,14,18,24
"Avpr1a",1.26102850972075e-21,2,8,24
"Tpm1",0.371117190188195,12,8,12
"Crat",0.14191875233957,2,14,16
"Mup-ps16",2.07611958301404e-08,4,20,24
"Mb",0.0377408902059368,10,18,24
"Nr1d2",1.03808500094315e-28,10,14,24
"Mup1",0.0439808531442777,8,10,16
"Tpm2",3.68636619555869e-08,10,16,24
"Per2",7.68963905990403e-18,16,14,24
"Cd36",6.68022392334166e-08,10,12,24
"Acnat2",3.46037652646738e-07,2,6,24
"Rdh9",1.87033086266023e-10,8,18,24
"1810055G02Rik",6.96721808744221e-16,14,12,24
"Ugt1a9",0.611632937657648,10,4,12
"Tjp3",1.21139313839484e-19,24,12,24
"Gsn",0.0535156704613019,18,8,22
"Pim3",7.88824050830751e-10,12,12,24
"Scd2",3.78715578767658e-06,4,4,24
"Fkbp5",1.18614485653974e-14,14,18,24
"Denn2b",5.16406739035948e-19,4,8,24
"Rcan1",6.39108110625426e-09,12,20,24
"Tfrc",1.29707422564174e-07,16,16,24
"Onecut1",0.000542205494400756,14,16,24
"Igfbp5",6.09773155554962e-10,16,10,24
"Sik1",2.52775277318541e-07,18,14,24
"Ces1g",0.216113977313549,8,8,16
"Slc13a3",0.917080844442565,10,8,16
"Slc49a4",6.89866427661076e-17,22,18,24
"Paxx",1.5611878795337e-14,24,12,24
"Fzd4",3.26771117119937e-19,10,16,24
"Cry2",5.20944930106568e-13,14,12,24
"Epha2",2.87820635744584e-05,14,20,24
"Tenm3",6.66700338202434e-08,8,8,24
"Cyp2a4",7.1914892316826e-07,16,10,24
"Zbtb16",0.00130948870944149,12,20,24
"Acss3",1.14497841829855e-05,6,20,24
"Il1r1",0.000562331466940625,2,4,24
"Ppl",2.37568673286641e-05,2,6,12
"Hopx",2.44940639429505e-06,12,18,24
"Slc35d2",0.286331685069398,4,10,12
"Mup19",0.00238018008504593,2,12,18
"Depp1",0.000409657147558144,8,6,24
"Cyp4a12b",1.07807480487022e-07,20,14,24
"Tnxb",0.00409570168192687,18,8,22
"Eif4ebp3",1.36198740184636e-07,20,10,24
"Cited2",7.93451286235627e-06,6,8,12
"Per1",9.90365225060269e-12,10,20,24
"Asns",0.000447115069474408,2,8,24
"Il6ra",1.25099583427412e-10,14,14,24
"B3galt1",3.0014619609895e-05,18,16,24
"Efna1",2.88719458242676e-09,2,10,24
"Septin11",1.77843427701426e-08,2,10,24
"Vnn3",0.0145346640226568,4,10,12
"Slc3a1",2.02700349530667e-08,2,12,24
"Nxpe2",0.886990271571389,4,14,24
"Trim2",2.46407621611185e-20,24,12,24
"Dbp",1.12672358739934e-31,10,16,24
"Nr0b2",0.486375702804249,6,8,24
"Slc17a8",0.00293987819787305,10,2,12
"Egr1",0.834976163253684,2,14,16
"Mup18",0.0303159718880412,24,10,24
"Smagp",2.71796404525264e-21,2,12,24
"Nfil3",8.25427087653068e-19,2,8,24
"Fnip2",2.04529015543357e-19,10,16,24
"Lpl",0.0110080585752873,2,12,24
"Zfp385a",1.51489252018314e-10,6,6,24
"Mical2",2.12487666623926e-20,24,10,24
"Rai14",1.28951429370018e-18,2,8,24
"Nrep",9.91399892149979e-14,16,12,24
"Gm10319",2.27012478066052e-09,4,10,24
"Mt1",0.00577180091509763,12,10,24
"Rgs5",0.586164977160662,10,6,12
"Tnfaip2",1.02477671394667e-15,24,12,24
"Pfkfb1",1.90840326768339e-12,14,18,24
"Fgfrl1",2.84342198101421e-15,10,16,24
"Celsr1",3.11517175910105e-10,24,8,24
"Atp11a",1.01190651822034e-05,2,12,24
"Stard13",6.96264642874636e-10,4,6,24
"B4galt5",0.000725799328814631,2,6,12
"Ppfibp2",1.18509164749134e-10,6,6,24
"Gsta2",1.16054061118506e-05,10,14,24
"Khnyn",9.4311829507298e-11,6,6,24
"Idi1",5.31038503426729e-06,24,16,24
"Rnf152",1.29820389338905e-07,10,8,24
"Igfbp1",0.268158426657895,4,6,24
"Zfp655",3.87498704014752e-10,12,6,24
"Mreg",1.18990226563995e-18,22,14,24
"Tcim",1.31568564811277e-07,14,12,24
"Zfp467",0.00404995549818329,6,16,24
"Hcn3",1.64712770492253e-11,14,10,24
"Ces1e",0.128462153890436,4,8,12
"Cobl",0.000820794451139021,2,4,24
"Atoh8",9.07451003256194e-06,6,6,12
"Acot4",5.45779944086698e-11,14,10,24
"Esr1",1.44948871939843e-12,18,14,24
"Irs1",8.59501344545402e-07,6,6,24
"Fabp2",0.00781573983609391,6,20,24
"Gstt2",8.59285556770421e-10,10,16,24
"Ckm",0.123684604991729,10,16,24
"Trim24",3.61087359894928e-12,12,14,24
"Moxd1",4.9653948232244e-06,2,8,24
"Josd2",3.09002028015842e-14,2,6,24
"Cyp2b9",5.08304631926001e-07,6,20,24
"Slc23a2",1.68519191285713e-11,8,10,24
"Pkm",0.287078101192119,10,10,12
"Gnat1",1.56468497853872e-15,10,12,24
"Klhdc7a",3.99052863300523e-16,8,12,24
"Gm3734",0.000298227026723537,22,18,24
"Junb",8.55170116576988e-09,10,10,24
"Serpine2",0.00634289880816424,2,8,22
"Kdr",0.291587225479459,10,4,12
"Pltp",0.14344499555493,8,8,16
"A730008H23Rik",0.116203809580551,8,6,12
"Hspb6",0.0916005027168786,10,14,24
"Sdr9c7",4.53640519709288e-11,4,8,24
"Hyi",8.51904035586731e-06,6,20,24
"Zfp809",0.000680650458810424,16,16,22
"Enho",0.000220578763490105,24,14,24
"Lnx2",1.35181733186522e-16,24,8,24
"Per3",6.1485648464682e-25,10,18,24
"Ryr1",0.00977008630580522,10,14,24
"Rhbg",0.277222893259807,20,10,24
"Tacc2",0.00213776376727435,6,14,24
"Ctss",0.0227202946392917,14,4,16
"Irgq",9.16447602150188e-12,24,8,24
"Plxna2",9.27122186420213e-12,24,14,24
"Ptpn21",4.43500802418664e-06,18,18,24
"Arhgef10l",4.57658375158225e-09,6,6,24
"Zfhx4",6.09042019533134e-07,6,4,24
"Des",0.650404525792657,10,12,24
"Slc10a2",3.30864370877138e-05,18,14,24
"1810008I18Rik",1.67137822738147e-07,4,12,24
"Obscn",0.0105231191223148,10,20,24
"Gorasp1",6.28994630673446e-06,12,6,24
"Msn",0.921160202902547,10,10,12
"Dhrs7",1.84249292679354e-09,14,10,24
"Mup16",0.110792112379984,10,8,16
"Aifm2",7.14139024876256e-11,14,14,24
"Ppfibp1",2.27001323593522e-14,8,6,24
"Myh14",3.1227512524322e-10,10,8,24
"Ybx3",2.45564599659459e-05,16,16,24
"Hspa4l",4.383488641088e-09,16,18,24
"Pfkm",1.1456245719562e-09,10,8,24
"Timp3",9.73938025190892e-07,18,12,22
"Ddhd2",7.05373528175797e-12,14,12,24
"Nmrk1",1.30390259240075e-20,14,14,24
"Extl1",0.000365845134676685,2,18,24
"Carmil1",4.8585969499614e-07,8,10,24
"Jun",1.41609298190763e-05,2,6,12
"Wdr91",5.43642415651028e-16,22,14,24
"Abcd1",2.83173952572794e-11,10,16,24
"Cdh5",0.405815527445629,10,8,12
"Vim",0.0184548867753405,2,4,12
"Eif1a",3.6771546927851e-06,2,8,24
"Spata2l",2.79214712297714e-09,8,16,24
"Lad1",1.00436446886963e-06,16,18,24
"Gstp-ps",1.50934188618325e-05,2,8,24
"Gm12909",8.13397887619019e-05,6,6,12
"Pnp",1.85945891348537e-17,24,14,24
"Fbxo6",5.86241205455846e-18,4,12,24
"Selenos",1.97561886610568e-06,2,8,24
"Zfhx3",0.309282069837964,24,10,24
"Rcbtb2",1.44436645991649e-06,6,12,24
"Aatk",0.0314519333639397,14,14,24
"Samhd1",0.00457428597390315,16,2,16
"Tshz2",0.0452570356170348,2,14,24
"Ypel2",3.48983500707336e-10,2,10,24
"Frmd8",2.37061590278331e-08,12,6,24
"Nrp2",0.201663013944528,6,6,16
"Kdm5b",0.000205315804274936,24,18,24
"Stx4a",5.22062968365916e-14,6,8,24
"Gtf2ird1",4.89812122997305e-18,2,10,24
"Ppp1r9a",2.2210961180644e-08,6,12,24
"Atat1",3.10050346630369e-09,6,4,24
"Sort1",2.66257357113346e-05,8,6,24
"Arhgef3",0.000925813067136432,10,8,24
"Camsap3",8.55617753598168e-05,4,6,24
"Slc44a1",8.37828064707251e-11,4,8,24
"Ces2c",0.00294400509667906,12,18,24
"Stat5a",4.87125194325697e-09,24,12,24
"Orm2",0.00203082023533102,12,10,12
"Robo1",0.0749848853839327,4,20,24
"Sucnr1",0.000305062600890703,4,10,12
"Serpina12",0.0858273910936497,12,4,16
"Rhbdd1",2.04914234092472e-05,8,8,24
"Casp8",0.0105120408203919,12,6,12
"Sh3glb2",0.0955300286427173,10,12,22
"Irs2",0.0019266336855351,24,16,24
"Hivep1",0.21297742783145,12,8,12
"Hook2",5.60631793533376e-05,12,6,24
"Slc15a4",6.41332802555648e-09,14,10,24
"Wwtr1",1.56502268317106e-05,10,10,24
"Shroom2",0.000328038730341919,22,12,24
"Tspan14",3.69544969822181e-06,22,14,24
"Slc25a4",0.00544552180590062,14,10,22
"Rabl6",6.25353954419534e-07,14,14,24
"Sugct",3.01799567294966e-07,10,16,24
"Dnajb1",4.73780411168888e-06,2,4,12
"Cyp4f17",5.53831434226083e-08,20,16,24
"Mdfic",0.00870344690080248,2,14,24
"Tmem131l",1.78334257066936e-06,6,20,24
"Srm",8.29654132368644e-11,14,16,24
"Fam149a",5.30415106267791e-16,4,10,24
"Vwa5a",0.492387842742207,24,20,24
"Tex264",0.00114295899993399,12,10,24
"Mief2",0.800575808907678,10,4,12
"Axl",0.0111121405040607,10,10,12
"Il4ra",1.66029934391231e-15,4,6,24
"Dnmt3a",1.39399258184174e-06,8,10,24
"Mrc1",0.00708045211333922,22,20,24
"Slc22a5",1.1655296588286e-08,12,16,24
"Chd7",2.88581752239804e-09,12,16,24
"Chordc1",1.21710059220742e-05,16,16,24
"Slc35g1",7.89922696698161e-06,14,14,24
"Cep85l",0.02001767824011,10,6,12
"Bcas3",7.97289678239727e-09,12,6,24
"Cacybp",3.17519497684272e-08,16,16,24
"Leap2",1.42151465011267e-08,4,10,24
"Gas1",6.85888499759136e-07,6,8,12
"Mpdz",3.05519078684097e-09,8,10,24
"Usp36",1.79583442801893e-08,12,6,12
"Foxk2",1.70224274341243e-05,2,4,12
"Exoc4",6.76358836710973e-09,10,8,24
"Ip6k2",0.0141327163460313,8,4,12
"1810013L24Rik",5.02679696014443e-13,8,12,24
"Ephb4",0.2752066316622,12,6,12
"Tcaim",0.000156255303593018,24,4,24
"Ercc3",0.477918031041085,6,14,16
"Amd1",3.59144013118172e-06,12,16,24
"4833420G17Rik",1.07287926364193e-07,8,10,24
"Lgalsl",2.01310812165503e-19,24,12,24
"Alpl",4.43787435623798e-09,14,18,24
"Cyp26a1",0.00134598794195137,4,4,12
"Ctcflos",8.13917762167864e-06,14,14,24
"Tbc1d8",3.05479147933954e-06,14,14,24
"Hspb1",0.00180257885155604,22,10,22
"Bak1",0.0170462367006956,14,14,24
"Ccnd1",7.88975205274338e-05,12,8,12
"Pde4b",7.41391221226608e-05,6,20,24
"Foxq1",0.0502526655828274,2,8,16
"Col1a2",0.675806589751571,12,8,12
"Pik3c3",0.0869664313776871,4,18,24
"Slc39a8",8.0710434890053e-09,4,10,24
"Zfp707",4.61328425251697e-05,6,6,24
"Slc35b1",5.40518178595648e-08,2,8,24
"Paqr7",0.00673465316030594,10,8,16
"Slc41a2",3.05453581245188e-10,2,8,24
"Prkcz",0.133343092859344,8,12,16
"Ppp2r2d",4.48213690104291e-07,8,16,24
"Mfsd14a",8.68774005604579e-06,22,8,24
"Fam169b",1.03918554384883e-10,14,12,24
"Acmsd",1.79261652132302e-11,22,12,24
"Zbtb38",0.25256895945292,2,10,24
"Atg4d",0.00149497849910527,2,4,12
"Ttc7b",5.19216969586953e-08,14,16,24
"Flcn",1.3385642207685e-16,10,8,24
"Cpsf2",1.0884658873268e-07,24,10,24
"Ddhd1",9.74304852397207e-19,24,12,24
"Ccz1",0.00489241500094966,10,8,24
"Adssl1",3.8097221143597e-12,12,12,24
"Pycrl",0.00929003319145142,16,14,24
"Mertk",0.0550285318008972,14,4,16
"Slc16a5",3.40713173116135e-09,16,8,24
"Slc39a4",1.72066057536356e-05,24,14,24
"Rrs1",6.2505143648332e-08,2,4,12
"Samd8",4.78570228181385e-08,6,8,12
"Abcd2",1.70269381556706e-08,10,14,24
"Dhx40",3.63193832157642e-11,8,8,24
"Zfp236",3.91131834246146e-05,2,4,24
"Atxn1l",0.0527494880775389,6,10,24
"Imp3",0.23818850073299,14,10,22
"Galnt4",0.879105783999863,6,12,16
"Fam114a1",1.93281412555988e-07,8,8,24
"Cyp2u1",5.80518309702934e-07,24,14,24
"Slc25a32",1.02299727609957e-12,12,14,24
"Gnl1",1.99409127031337e-09,12,18,24
"Rfx7",0.00173068542914419,24,10,24
"Ipo13",0.0221944009155532,12,8,12
"Pik3r4",1.35229310272081e-05,8,10,24
"Rbm3",2.22693659911705e-11,14,10,24
"Msi2",1.84547421195427e-09,6,8,24
"Rbx1",0.967114005443732,8,6,14
"Pim1",0.0075285491922193,6,12,24
"Wdr43",3.0293825373708e-05,12,16,24
"Jmy",0.802325413051442,10,6,12
"Rabggtb",4.61977411543095e-06,6,4,24
"Acsl3",3.54678817000997e-05,18,18,24
"Mxi1",6.02499737290578e-05,14,10,24
"Washc4",0.00022576045625534,24,10,24
"Gata4",7.09218991007911e-06,22,12,24
"1700017B05Rik",2.79957182597301e-11,2,6,24
"Phf21a",1.42389419357482e-12,2,10,24
"Tnfaip8l1",2.39570387749679e-06,8,8,24
"Dctn4",1.30124246790928e-08,6,14,24
"Arl4a",5.84861963328983e-09,20,16,24
"Pts",0.0342554194888256,8,16,24
"Pnpt1",0.00320524687749858,24,10,24
"Klhdc2",0.00028613429895245,2,18,24
"Parp10",3.17766056442973e-07,12,6,24
"Atad2b",4.63726576790581e-06,24,10,24
"Mrpl27",0.000246609580484702,10,14,24
"Rab3gap2",4.13598458135999e-06,6,10,24
"Ier2",0.435845839079056,2,8,16
"Itih5",0.669991587799385,24,20,24
"Lrrc28",2.31033046401609e-09,12,16,24
"Vps13a",3.65115394913475e-13,16,12,24
"Ptpn9",2.76806681565867e-08,20,14,24
"Cyp3a59",0.00101799647801536,10,4,24
"Slc12a9",0.000491296131312519,8,10,24
"Abtb2",1.73121653843503e-15,24,10,24
"Ints7",0.00785639220938179,12,8,16
"Hba-a2",5.43596576092876e-05,22,10,24
"Nxt2",0.00294943018141227,10,2,12
"Cecr2",2.2986801089177e-05,8,4,24
"Pom121",0.0124871741998414,14,18,24
"Clns1a",0.0354543988164486,2,12,18
"Mir22hg",0.0180521393890979,12,6,16
"Mtrex",0.273051572579297,24,4,24
"Ndufaf4",4.63072584014266e-14,14,16,24
"Pnkp",2.6019201333144e-12,4,10,24
"Wipf3",2.77218342133161e-13,12,10,24
"Mdn1",0.000704541257300486,24,4,24
"Taz",8.06221140303393e-06,4,14,24
"Madd",0.0349456475692669,2,10,18
"Foxp1",0.014389541626065,2,10,24
"Ndufa1",0.0474582521114289,10,18,24
"Col1a1",0.188482961903549,2,6,12
"Dcaf12",0.0896758546280397,2,12,18
"Tet2",0.009182220216243,20,14,24
"Il11ra1",5.84556948233849e-15,4,8,24
"Cry1",1.0827809596494e-23,22,10,24
"Camsap2",0.060084535794586,24,4,24
"Lrrk1",0.0184473494496135,10,8,24
"Thra",4.13565876049527e-09,6,8,24
"Fam193a",0.0395446283899975,6,4,24
"Slc25a30",0.243280422046569,12,6,12
"Ate1",0.0192019699782454,10,6,12
"Nbas",1.70110325008884e-05,24,14,24
"Ankrd13a",1.1265920916307e-05,2,10,22
"Krtcap2",0.115445511170836,18,10,18
"Scamp2",0.000574358401140528,10,8,24
"Ppard",1.29904272444181e-18,24,8,24
"Frs2",0.497925970174729,24,10,24
"Vps37b",8.09929515143284e-16,20,14,24
"Cish",0.0260066400147272,12,6,12
"Usp16",8.84076494821222e-10,2,4,12
"Itpk1",1.87998455930434e-06,24,10,24
"Ptpra",0.259051612692088,6,12,18
"Tcf3",1.23077449588936e-05,8,10,24
"Tpm4",0.00685218395576694,4,4,12
"Mrps15",0.0237043143094148,16,14,24
"Depdc7",6.70198269438146e-05,2,10,24
"Elp3",0.0567160739548361,8,12,22
"Wwc2",0.928852180568453,2,16,24
"Lipg",3.22604958064765e-11,14,12,24
"Slc35b4",0.000122315309836197,20,16,24
"Plod3",5.59051366793437e-05,24,6,24
"Cul5",0.977053255676583,8,10,22
"Rab32",3.45851079704477e-14,2,10,24
"Nop2",1.58466348979226e-07,14,16,24
"Gas2l1",4.89375532570959e-11,2,8,24
"Dock1",0.612479252342381,24,4,24
"Hnf1b",1.6907058997653e-14,2,10,24
"Tbk1",0.0119565814468194,8,8,24
"Arfgap1",0.000189343707547618,8,10,22
"Stk4",0.000267836043796846,24,10,24
"Clec4g",0.0133053620648083,22,20,24
"Ccdc117",4.09609928751452e-07,2,4,12
"Med16",4.08559025249896e-09,10,12,24
"Btbd7",0.0819675042837254,22,14,24
"Grpel2",0.000133622300187873,8,8,24
"Tpst2",1.8586153981133e-13,24,10,24
"Nubp2",0.001282639094949,24,10,24
"Rilp",0.0257124755479977,4,6,24
"Cgrrf1",5.72724795105433e-06,16,12,24
"Wdr4",0.0190425523854109,2,6,12
"Flt4",0.00905832902057785,10,8,24
"Desi2",7.52901557044319e-18,24,8,24
"Sulf2",8.48882583928164e-10,10,16,24
"Ddo",7.15721306095246e-12,14,12,24
"Taco1",0.0127997491434275,6,12,24
"Kif13a",0.000215976916641676,14,6,24
"Atg101",1.46898561171401e-09,6,6,24
"Angptl2",6.60912826786008e-08,14,12,24
"Creb3",4.0496811405419e-07,8,10,24
"Exosc5",0.0324002567465637,14,14,22
"Arid4a",0.125620806934219,22,14,24
"Elmo3",3.81068668003923e-12,8,8,24
"Usp2",8.67885800130327e-21,12,16,24
"Rala",0.501382168761506,20,8,22
"2210016F16Rik",0.000429676336888734,4,10,24
"Tnnc2",0.0704684763167309,10,20,24
"Kdsr",0.312159471596185,10,14,24
"Aebp2",0.0102504800614272,2,8,16
"Pprc1",1.13387898696429e-06,2,4,12
"N4bp2l1",5.04782871663467e-09,10,14,24
"Fads3",2.83422852511915e-07,10,10,24
"Emilin1",0.00840834896052924,24,10,24
"Pkd2",0.0377781697488802,2,8,16
"Zfp266",0.0096357770026844,24,18,24
"Ccl9",0.0041486127029924,24,14,24
"Dhx37",1.18850544518952e-05,24,10,24
"Zhx2",3.5636776374862e-05,16,18,24
"Nab2",0.00153020509255653,8,12,24
"Irf2bp1",2.3063933623457e-05,12,6,12
"Ddx56",0.000818884746190972,12,6,12
"Dnajc21",0.000664281187595352,18,14,22
"Fmo2",2.8214546566934e-11,14,18,24
"Coq10a",2.93936879008957e-06,10,8,24
"Tmem87b",1.33398069723511e-06,12,6,24
"H1f2",3.54439473927119e-16,24,14,24
"Specc1l",0.208248103380935,24,12,24
"Cacfd1",8.54621888596681e-07,12,8,24
"Tent4a",3.10339157450069e-07,16,14,24
"Vps51",0.000793796255709038,4,14,24
"2310022B05Rik",4.69058869011804e-08,8,10,24
"Mapk15",3.96801454655594e-10,6,8,24
"Cdkn1a",9.61741727659585e-14,24,8,24
"Med22",7.52423861415039e-06,12,8,12
"Paxip1",0.00041040782549148,14,20,24
"Chd6",5.30754889458708e-06,6,10,24
"2610507I01Rik",0.000206259784984246,6,6,24
"Ggt6",1.00678462421631e-06,18,18,24
"Ppp2r2a",0.00352161903152858,14,14,24
"Unc119b",4.3667596594026e-16,2,8,24
"Heatr6",2.70437121594094e-06,12,8,12
"Med24",4.20919945802015e-11,24,12,24
"Fyttd1",0.142075797035055,16,12,22
"Pcsk4",2.67657014419046e-13,12,12,24
"Mat2b",0.00256500424972194,10,8,24
"Srprb",1.46406520443785e-06,2,6,24
"Ciapin1",0.0175343872905796,14,4,24
"Tirap",4.42449852649899e-06,24,10,24
"Atp13a2",0.000714338469340451,22,16,24
"Creld2",4.92776323880848e-06,2,8,12
"Cryzl2",0.0165566462657008,12,14,24
"Rarres1",0.000104558396369351,8,10,16
"Dab2ip",1.08207044427706e-05,10,8,24
"Zfand2b",0.197179575842468,8,14,24
"Sh2b3",8.12325278797197e-09,14,4,24
"Mtfp1",0.00530602845042429,14,18,24
"Nbeal2",3.17464279060614e-16,24,10,24
"Resf1",0.0975615911858529,8,10,12
"Bcor",0.00408526750470665,2,4,24
"Tmem11",6.51016851647361e-07,10,8,24
"Gtf2f1",7.56815797507863e-05,16,18,24
"Ifi35",0.0465888643156927,10,12,24
"Nadsyn1",1.42356452478843e-08,12,6,24
"Gm49668",5.47498763241559e-06,6,10,24
"Adh7",6.96790830623676e-07,16,14,24
"Rapgef2",0.0179775314410365,2,8,16
"Cops8",0.071418700662911,12,4,14
"Slc37a3",4.86822796491221e-05,24,16,24
"Morc2a",0.000998041046897594,2,2,12
"Zfp710",0.00678827791027561,24,12,24
"Klf10",1.72258204198399e-15,10,14,24
"Timp2",0.164038221782137,18,8,22
"Atf6b",1.18968644158101e-15,24,10,24
"Secisbp2",0.00836203107844007,20,14,24
"Fbh1",0.015353722773465,24,20,24
"Klc1",0.000709933692501585,2,16,24
"Abtb1",3.60191361483278e-12,8,10,24
"Gnpda1",0.00169542046494321,6,20,24
"Rest",9.40681316048199e-05,6,12,24
"Laptm4b",0.000985036003320385,6,12,24
"Ptk2",0.0476781776433264,8,10,16
"Aars2",0.00238429684475346,8,10,22
"Map3k1",8.52132446299814e-11,2,8,24
"Ttc3",0.000958723351660688,2,4,12
"Fndc3b",2.43163258630205e-05,2,8,24
"Tff3",1.71464343043325e-05,2,4,24
"Mpv17l",0.000114549836125502,18,10,24
"Cstf2t",9.34326566479211e-07,6,12,24
"Slc66a1",4.17210227437376e-08,24,18,24
"Map2k5",6.4543406443417e-08,6,10,24
"Fcgr2b",0.0326245890206315,10,8,12
"Scyl3",0.000584672416942637,8,8,24
"Fam98a",0.0265369708118232,24,4,24
"Atxn7l1",0.470525070227889,6,4,24
"Nat8",5.95046714377762e-06,20,10,24
"Zfp950",2.10816238183419e-06,4,6,24
"Wars",0.0299754391749192,2,4,24
"Ralgapb",0.0619749495481545,24,4,24
"Lamc1",0.521473381455141,12,6,12
"Tshz1",0.0165720724616744,12,16,24
"Smad3",7.94937067408118e-07,2,12,24
"Casp9",4.51156498045255e-05,8,6,24
"Rnf31",0.0111869330048248,24,18,24
"Tbc1d16",3.45851079704477e-14,10,14,24
"Samd9l",0.0543018714370301,6,14,24
"Gfus",0.0454529535201389,12,18,24
"Pigk",2.51930066203011e-05,4,14,24
"Katnip",1.38090098392403e-06,6,8,24
"Retreg3",0.00129259872603846,8,8,16
"Ppp2r3a",0.585871485763103,6,8,12
"Oaz2",0.000140571252089842,10,14,24
"Slc35c2",1.89059245776852e-07,10,8,24
"Acap2",0.0159285789494592,24,20,24
"Avpi1",0.00522577308205827,2,4,24
"Hnrnpll",0.186922851329505,2,4,12
"Slc35f5",1.38554263002163e-06,4,16,24
"Rab12",0.395479941162651,10,8,24
"Tlk2",0.027230197301382,22,14,24
"Rrn3",0.000238599913483132,14,14,24
"Myh10",0.00970044189686906,24,14,24
"Hnf1aos1",0.00729117266190721,6,6,24
"Mnt",0.000284692815263879,20,4,24
"Pstpip2",0.06239177422612,4,12,24
"Prob1",0.00432097143128161,10,2,12
"Plscr2",0.00011939785588564,10,16,24
"Cyb561a3",1.16096804701848e-05,24,16,24
"Txnrd2",4.48522426731873e-06,8,10,24
"Snx33",0.00956609937663601,6,4,24
"Tle3",0.0038979027480098,12,6,24
"Parp16",4.04239721085209e-11,18,14,24
"Ubald1",0.169071242162428,8,16,24
"Zbtb8os",0.1191756296819,12,6,16
"Ing4",1.4856756123402e-06,20,20,24
"Mvk",1.23046671925887e-06,24,20,24
"Itga1",0.0488327166045651,24,12,24
"Supt20",0.000404681204670669,24,20,24
"Cog6",3.07687430931067e-06,10,10,24
"Dnajc25",6.56054623804776e-07,14,12,24
"Ift46",7.71055023143186e-09,8,10,24
"Agfg1",0.0477857368483777,2,16,24
"Tead1",0.00031727096986554,18,8,22
"Taf1",0.00022528304991525,24,14,24
"Usp39",3.23166638587539e-07,24,6,24
"Map3k20",1.61163219500908e-12,10,8,24
"Cramp1l",0.0460747675368898,14,4,24
"Gpatch2",9.14307073542174e-05,22,12,24
"Rlf",1.28892323122069e-07,12,18,24
"Crebrf",0.000715580427594469,8,4,12
"Heatr1",5.71140037969133e-05,2,4,24
"Dgkq",0.00731301635457884,8,12,22
"Pfdn2",9.27893391736033e-09,10,16,24
"Rbm4b",0.000241791919130289,8,8,24
"Coq10b",2.98451363823441e-18,12,18,24
"Ap3s1",0.000128783248348129,4,6,24
"Ahcyl2",3.55686855402853e-08,24,8,24
"Scamp5",6.27473667033161e-08,24,18,24
"Gpaa1",8.9334079607347e-05,24,10,24
"Gss",0.000764874243611066,4,14,24
"Pank2",0.593735004261182,14,14,24
"Srp14",0.0252915444765759,10,20,24
"Pomt1",2.8846346070579e-08,4,8,24
"Gpr137",0.000414739676630975,2,12,24
"Coro7",8.82740428634522e-09,10,8,24
"Crybg3",5.233396129393e-10,16,16,24
"Oxnad1",0.000704735096828733,20,18,22
"Tep1",8.37150245751077e-07,24,18,24
"Strn",0.976146961128141,24,4,24
"Tpk1",0.287234082336258,6,12,24
"Nt5dc3",0.00630588158359101,12,20,24
"Fbxl5",2.43803289873882e-05,6,14,24
"Nom1",0.949252976446409,12,12,22
"Chmp2b",4.38944225597063e-11,2,12,24
"Ccdc157",0.0242717765752112,8,10,16
"Dcun1d5",0.102552064314786,2,16,24
"Bco2",7.45576284023565e-10,6,6,24
"Rpe",0.0529142405801366,24,10,24
"Rnf216",0.278156324868451,8,10,24
"Abhd18",0.304724467284293,14,4,16
"Lsm14b",0.00117075419697205,8,10,24
"Rufy1",2.48619013221203e-06,4,10,24
"Myo1d",0.199857965503701,18,10,22
"Nars2",6.00811690376676e-05,8,6,12
"Vrk3",6.62616321266295e-07,8,10,22
"Zfp574",8.77146666945716e-05,20,14,24
"Nhp2",0.23782193965984,20,8,24
"Dhdds",0.000831755633700281,10,10,22
"Max",9.89843536789589e-07,16,6,24
"Pfkfb3",1.67053121001903e-07,12,18,24
"Smim13",0.000141222513160141,8,10,24
"Dhx8",0.000118976882932285,24,10,24
"Rnf217",0.000161237817574573,22,12,24
"Tnni2",0.0193198622620725,10,18,24
"Peak1",0.97038879152165,24,20,24
"Nsmce4a",0.00416330747008894,8,16,24
"Scfd1",9.6832113683183e-06,8,12,22
"Bicd2",0.00499714041087466,12,8,12
"Thoc5",0.0265590388395218,24,10,24
"Tbccd1",0.887236043968271,2,4,12
"Bysl",0.000138474567120096,14,20,24
"1700066M21Rik",1.40791127211814e-06,22,16,24
"A430005L14Rik",0.00547614304209773,14,10,24
"Pex11b",0.0316370106019829,12,6,24
"Adam17",6.76828925220038e-06,22,10,24
"Endog",9.3783656209767e-06,16,14,24
"Mecp2",0.30435471823833,14,14,24
"Tsen34",0.0253957920055102,10,8,24
"Btbd1",0.0414416586191597,2,10,16
"Tcerg1",0.00324720653283747,20,14,24
"Parp4",7.06335801637076e-08,8,10,24
"Traf6",0.486560844093138,12,4,12
"Slc35f6",0.0479353873730928,24,14,24
"Abcc10",2.07757073073895e-06,8,10,24
"Eny2",1.74804401404464e-08,10,14,24
"Thoc3",1.00014168644587e-07,8,10,24
"Zfp260",4.01138628342093e-07,2,10,24
"Xrcc5",0.000267082197844473,8,18,24
"Ift52",4.59874498007483e-05,6,20,24
"Gnl3",0.000402689284116648,12,6,12
"Neo1",0.503457016057171,12,10,14
"Tapbpl",2.16480065708398e-05,8,10,24
"Pde9a",3.995027744566e-15,4,8,24
"Vps16",1.07539227759109e-07,8,10,24
"Arpp19",3.23847002216748e-05,4,14,24
"Imp4",0.00162314760377359,24,10,24
"Ino80",1.54337483145576e-12,10,8,24
"Pomt2",0.000431678991787686,18,12,24
"Tfdp2",9.70493143004754e-05,8,16,24
"Ufd1",0.219342376259226,24,18,24
"Smlr1",0.000136131231209894,8,4,12
"Nop16",6.82337162115009e-12,20,14,24
"Trim7",2.24408616711895e-05,14,18,24
"Snrpc",0.00551405134338842,16,6,16
"Mllt10",0.106897619229518,6,12,18
"Mkrn1",0.00251245230672326,22,20,24
"Fem1b",0.00148713764001867,24,4,24
"Kdm4b",8.25593218918655e-06,22,10,24
"Dyrk1a",0.000293401066083715,8,4,24
"Ciao2a",0.000142541591342913,2,8,24
"Slc25a12",0.310993849458438,12,6,12
"Ppp1r13b",0.0160454558470663,12,8,12
"Myo7a",5.08458475097909e-09,24,14,24
"Serpinh1",0.0843699842223365,4,4,12
"Tfdp1",8.65156139980539e-07,14,18,24
"Hamp2",0.0405438780420791,10,16,24
"Fam3c",0.966810883955589,4,10,14
"0610012G03Rik",0.0395427632393433,10,14,24
"Mon1a",0.000567780927594423,16,14,24
"Prmt5",0.152887025909485,18,16,22
"Diaph2",0.0545614007233087,12,16,22
"Ccdc85c",0.0430951031864848,10,4,12
"Pwp2",0.000834063645499236,2,4,24
"Exoc6",0.00835429201377222,8,10,24
"Rps6kb2",0.144976732186661,16,2,16
"Sirpa",0.202885789612321,12,8,16
"Nfyc",0.959984620189551,8,2,20
"Adck5",9.56863854075817e-09,22,20,24
"Ddx19b",0.0019345339986049,14,16,24
"Gfpt1",0.000661563075502638,24,20,24
"Zfp865",0.0148949529187628,24,12,24
"Rab11fip3",0.0876947501271567,12,8,12
"Rpl39",0.0379793888879048,10,4,16
"Tut4",2.41534195774413e-05,8,18,24
"Rbbp9",0.0210462820704824,14,10,16
"Ccdc91",8.92176479749177e-05,10,8,24
"Xrn1",0.00146436142514356,8,10,24
"Cog8",0.0093068135233587,2,8,24
"Smpd4",0.140410020147959,6,12,24
"Asap1",0.000154794028156503,6,10,24
"Dynll1",6.84328461585004e-07,2,4,24
"Ost4",0.199565345371717,10,8,16
"Tecpr2",1.568821897411e-16,24,10,24
"4933434E20Rik",0.00542407402461602,10,4,24
"Dock9",0.00681733484189624,12,16,22
"Dennd6a",0.751821338589328,14,14,24
"Ctsf",0.00728180527572131,22,10,24
"Hars2",7.81234393673085e-08,8,10,22
"Zcchc8",1.61902968595643e-07,2,8,24
"Cstb",0.116484022339386,12,6,24
"Dync1li1",1.04364412822091e-07,12,12,24
"Col6a3",0.0144459629016002,2,6,12
"Mesd",0.000487756197082889,16,16,24
"Btbd9",0.936631949142954,12,4,12
"Hdhd5",4.86516580914289e-05,24,14,24
"Riok2",1.66845806304702e-15,12,18,24
"Ppp2cb",0.879439090917468,2,12,24
"Tbl2",1.24232698601817e-11,14,18,24
"Sptlc1",0.00241127223055624,2,8,24
"Gpr89",0.00381071068843828,12,6,16
"Srbd1",1.71322512598021e-05,14,14,24
"Ublcp1",0.00314633933552069,2,6,12
"Eapp",0.553321098606569,12,8,14
"Reps1",1.40418746430781e-12,6,10,24
"Ptpn12",0.124207649881343,2,4,16
"Helz",0.420071736525179,16,10,16
"Cdc42se1",0.000237162244833141,12,8,12
"Ube2q2",0.0317986500580839,2,4,12
"Txlna",4.45506397939328e-06,2,4,24
"Zfand4",1.39204247576415e-05,22,12,24
"Nifk",0.00065604129596061,14,20,24
"Kcnc3",8.56727726231892e-09,2,6,24
"Paxbp1",2.484653278889e-06,2,8,24
"Sugt1",0.00531406097070932,8,12,22
"Ifngr2",4.30702100463957e-08,12,6,24
"Dtx4",1.1438685756843e-18,2,10,24
"Rffl",2.65575861550068e-08,6,14,24
"H2az2",0.00268956266977266,10,14,24
"Tmod3",0.974029702898165,22,14,24
"Srpk2",1.30948641918856e-07,10,8,24
"Rapgef6",0.0871720292862047,8,6,24
"Slc9a3r2",0.00224622151207124,4,2,12
"Smc3",3.79657613172141e-05,24,12,24
"Med13l",0.886322734947479,8,2,16
"Smad2",0.711919051439177,8,12,16
"Cnot4",0.00604566795412345,16,12,16
"Slc35c1",0.00656774972702559,14,20,24
"Tbc1d22a",6.63151813068105e-05,8,10,24
"Kat6b",0.00132377591103437,24,12,24
"Vps29",0.272375677558016,12,6,24
"Pds5b",0.593651794898543,24,10,24
"Ndor1",0.00125564009529175,24,18,24
"Spc24",6.92610566599276e-08,16,8,24
"Ttc14",0.006165169738899,2,10,24
"Pdk4",0.0606360216647596,4,4,24
"Rex1bd",0.00405935485214198,10,14,24
"Dnajb14",2.06461147613651e-05,22,10,24
"Nsd2",1.18254469034435e-08,2,8,24
"Appl2",3.57883993857269e-09,10,8,24
"Akap10",0.00580390162716858,4,10,18
"Plcb1",5.76874936103804e-09,14,20,24
"Nat8f5",5.56273810430125e-17,20,12,24
"Rbm15b",5.40599384271693e-07,2,6,12
"Ints13",0.0357274125781151,14,20,24
"Spsb3",2.40612715559825e-12,24,12,24
"Upf2",0.0574144446029444,2,8,16
"Gm41999",9.3268164994912e-05,6,20,24
"Alg10b",2.18169718741083e-06,22,14,24
"Gbp7",5.70383954192957e-11,8,18,24
"Jpt2",5.24788923521869e-13,24,14,24
"Nup54",0.11405162896152,2,18,24
"Guk1",0.577122320848278,16,14,24
"Maf",0.953368953168645,16,4,16
"Nid1",0.0812412563314092,24,20,24
"Laptm5",0.0127678350491817,22,20,24
"Ets1",0.698245893272053,10,8,12
"Fubp3",0.0590173597649454,6,4,24
"Abraxas2",1.4856756123402e-06,8,4,24
"Nsmaf",0.000873132957763957,8,10,24
"Plxna1",0.92728484069519,14,16,20
"Gdf2",0.19333401010671,20,10,20
"Acvr2a",0.955976214186439,16,10,16
"Sf3b4",0.445799703488155,6,16,20
"Crcp",4.61042447632241e-19,12,14,24
"Rab3ip",7.04010909816507e-05,14,14,24
"Cnot11",0.0097403600079166,24,12,24
"Tmx4",0.000361383156782892,22,6,24
"Rhod",1.72765125235384e-10,4,6,24
"Colec10",0.0959750207711356,16,2,16
"Lrp3",4.5690782498366e-10,14,14,24
"Pik3cb",1.17732061457582e-10,14,12,24
"Timm50",0.00621582061938224,12,6,12
"Bmi1",0.755230501147497,2,8,24
"Efnb1",4.58050696700515e-09,24,12,24
"Cdk10",0.132553046975687,14,8,20
"Angel2",5.00557335389392e-09,16,14,22
"Heatr5b",0.000107642693747023,24,6,24
"Arvcf",0.600870704745784,20,2,20
"Crtc3",1.96229476424967e-11,2,8,24
"Uvssa",0.00274746924644215,8,8,24
"Tbl3",0.000556186808179289,12,6,16
"Rnf130",0.00931123290621463,4,10,24
"Ttpal",1.05392544809962e-05,2,4,12
"Vps18",0.000213824780857365,6,12,24
"Dnajc8",0.63345024552232,16,2,16
"Lancl1",0.00480200011337765,24,4,24
"Tagln2",0.044864028318649,18,8,22
"Eepd1",9.89446763604519e-13,10,6,24
"Thpo",1.7379894279359e-17,2,8,24
"Gtf2h5",0.0376447687214916,10,4,16
"Mt2",0.00451405131713065,12,10,24
"Trappc1",0.00387602311461505,14,10,22
"Paox",0.00113801006176599,4,6,24
"Plekha3",0.260782123671518,16,12,24
"Pex3",1.17970885175839e-08,10,8,24
"Mrpl58",0.771398396119615,14,12,20
"Slc25a38",0.00444882949785036,2,4,12
"Tmem189",2.57514103777173e-06,14,10,24
"Cilk1",0.0186629353364161,4,12,24
"Tcf7l2",0.00142671495982655,16,4,16
"Sh3gl1",0.0787226274218234,24,8,24
"Cyth2",0.00180338180551887,14,8,24
"Taf2",9.50667652681604e-06,22,8,24
"Pop5",0.10320806091359,16,14,24
"Them7",4.11657204575349e-06,14,10,24
"Dxo",0.00151115792009125,2,4,12
"Rbm22",0.000570529234490387,6,12,24
"Pla2g12b",3.04610273655653e-16,2,12,24
"Ndufaf1",0.117845013377352,10,4,12
"Tbck",1.57545843023713e-08,24,12,24
"Jade2",2.64485320998921e-05,12,6,12
"Bet1",1.19767377469739e-06,6,6,24
"Smarcb1",8.50887520079311e-06,2,8,24
"Strip1",1.66877824771185e-05,24,10,24
"Eif2b1",0.00746216004117314,12,6,12
"6030458C11Rik",0.0569963717181563,12,4,12
"Tbc1d5",0.00226427176383019,6,10,18
"Slc4a1ap",0.0313398466219806,8,10,18
"Gnl3l",0.00869337107850633,24,8,24
"Asb8",0.0868347668511272,4,12,24
"Kdm7a",0.476890665077166,2,8,16
"2810004N23Rik",1.44648267206455e-05,22,14,24
"Ilf3",2.05970435085778e-06,12,6,12
"Suz12",3.06215242266325e-06,2,10,24
"Tln2",0.973608922723421,22,20,24
"Uros",4.18228093939827e-08,24,18,24
"Dctn3",0.158281355719334,10,8,12
"Lats2",0.000131582884181784,14,18,24
"Cnot10",0.00309774315203142,6,8,18
"Abhd13",0.00053141831157482,12,6,12
"Oasl1",0.000448322093385624,6,4,12
"Coq8b",0.0155839714974825,12,18,24
"Chrna4",0.00343168008698617,4,6,24
"Mcat",0.000870235888464276,4,10,18
"Capn15",6.60149412899579e-09,24,10,24
"E130309D02Rik",1.12866737971868e-08,14,14,24
"Arrb2",5.47749312526691e-05,24,8,24
"Vps9d1",2.81557325509373e-05,8,18,24
"Cfap20",3.26486000822617e-07,8,10,24
"Spryd4",0.114598540675079,18,16,24
"Socs2",0.575797867368939,2,4,12
"Mybpc1",0.999992737227439,6,10,16
"4930453N24Rik",0.0163155937052437,2,6,24
"Upf3b",0.0271507575298531,14,4,16
"Fam124a",0.677066816035132,6,2,16
"Hdac1",0.170019044123576,8,10,22
"Rbms2",0.567082561312162,10,16,24
"Xylt2",5.45514905138905e-08,8,8,24
"Tfb2m",4.95880162949384e-06,16,12,24
"Gadd45g",0.259359190810296,12,6,12
"Fchsd2",0.0108247192464087,12,6,24
"Flot1",7.41156936308151e-13,10,10,24
"Zbtb33",2.08252913343761e-06,24,10,24
"Pde4c",6.60834402029382e-09,8,6,24
"Smc6",0.00852548336485959,8,16,24
"Lcor",5.6197589400035e-06,24,10,24
"Cadm1",0.00990774578294444,6,20,24
"Ciao3",0.00243946510271867,12,6,12
"Nop56",1.14898639036899e-07,14,20,24
"Ank3",2.3895596856873e-09,10,10,24
"Sertad2",0.047438945805196,2,4,12
"Hsf2",7.04587123288667e-06,20,16,24
"Lsm6",0.0139792895646514,20,8,24
"Gon4l",0.000378887541801283,2,8,24
"Bri3",1.02732590975251e-15,12,12,24
"Pithd1",1.46841430904933e-09,6,10,24
"Ndrg3",0.00126900907188128,22,10,22
"Fnbp1l",7.37356715883845e-09,2,8,24
"Mlycd",8.80774814709594e-07,24,14,24
"Mtf1",0.00944332713616158,14,14,24
"Usf1",8.33086409606654e-07,8,6,24
"Prps1",0.000159930114560243,16,12,24
"Rab4a",1.9797270897725e-07,14,8,24
"Nup210",0.00437336029041118,8,6,24
"Cdc5l",0.426696385621805,16,4,16
"Vsig4",0.0030480240501423,12,6,16
"Ces1b",2.12344628912755e-09,18,12,24
"Axin2",0.000290714753792337,24,12,24
"Dmac1",0.0815930433101904,4,10,16
"Mpc1",8.57204962201969e-10,10,16,24
"Hdac6",1.28594802557069e-08,6,10,24
"Vezf1",0.294466547956792,2,8,16
"Apobec1",0.00180750853733928,2,8,24
"Traf3",1.4245061836935e-05,2,8,24
"Elf1",0.0232203964722897,6,8,24
"Rasgrp2",8.43958513961207e-11,10,8,24
"Arhgap12",4.6119086447179e-09,8,6,24
"Pllp",3.66315850233554e-06,16,20,24
"Nup214",0.386608108097985,24,10,24
"Ubr1",0.17714147968027,8,10,24
"Zdhhc4",4.70242641101455e-06,16,10,24
"Rwdd4a",3.6883801908768e-07,14,16,24
"Nrbf2",0.00955062149697452,4,12,24
"Mn1",1.06704168810655e-05,8,8,24
"Stxbp3",0.00050746023190074,6,12,24
"Farp2",0.0126612187389027,8,20,24
"Rfng",3.0958118432204e-06,18,18,24
"Mrrf",0.098539618278107,24,4,24
"Fam53c",0.00682445740726046,2,6,12
"Nelfb",0.000116257240245254,24,18,24
"Ube2e2",0.0158161961349073,6,20,24
"Atp6v1c1",0.0778699198348294,2,2,12
"Cspp1",3.2881018733607e-06,22,12,24
"Plrg1",3.39816875633306e-06,24,14,24
"Stk38l",0.000267244600375747,24,10,24
"Zfp444",0.0011655887311674,8,8,24
"Rhbdd2",3.96702464789331e-23,14,12,24
"Heg1",0.256582042784373,10,10,12
"Gsk3a",0.125060211500056,10,8,12
"Ric8a",0.00011735710008609,8,10,24
"Atxn3",0.290293269969765,6,12,18
"Prkci",8.3832081251953e-08,22,12,24
"Rnd3",0.000822589825051272,12,8,12
"Arhgap32",0.27869577234466,6,4,16
"Mrps27",1.28594802557069e-08,24,10,24
"Arntl",1.48560115821832e-27,2,10,24
"Lzts2",0.162666088598505,4,4,12
"Cfp",0.000951610321318913,12,8,16
"Bahcc1",0.283831047443231,4,16,24
"Pkdcc",5.13610724645594e-05,16,14,24
"Nrip1",1.07042568774515e-06,22,14,24
"Pyroxd2",0.000901690902759435,4,12,24
"Arhgap23",0.00650405537707752,22,14,24
"Zfp646",0.0055432467625671,24,8,24
"Tent2",0.000678809192382581,6,8,12
"Scamp4",0.00762307435798204,8,10,16
"Atpaf2",0.832341568369366,16,8,16
"Plekhm2",2.39241492637343e-05,10,4,24
"Clstn3",0.116052079377203,4,20,24
"Sf3b5",0.309909355344066,8,10,24
"Esyt1",0.0117966798105415,24,20,24
"Ptov1",0.82056520385239,20,8,22
"Tinagl1",0.0122247648494514,6,12,24
"Git2",0.00147556319392208,12,8,12
"Fam47e",1.90840326768339e-12,14,18,24
"Rc3h2",0.182921428990956,2,8,16
"Zfp687",1.39933871990941e-09,6,8,24
"Zfyve27",0.00566915994744684,2,4,12
"Txndc11",0.000136144224557288,2,4,12
"Mtx3",6.90638100826871e-12,8,10,24
"Nmd3",0.00276890565979941,12,16,24
"Plekhh3",0.524638747314743,14,8,14
"Spg21",2.18354135278312e-08,8,6,24
"Ubb-ps",0.169799548041608,16,12,24
"Eml4",0.00351349647094061,24,10,24
"Slc22a3",7.88462019415193e-06,16,12,22
"Deaf1",0.0784553318265526,2,4,12
"Pdilt",0.000588634234043534,20,14,24
"Tmsb10",0.353243832678998,18,8,22
"Xirp2",0.917308882661766,10,18,24
"Hgsnat",0.952228795070099,8,14,24
"Aasdhppt",2.36190252962022e-05,24,12,24
"Zgpat",2.85295570376186e-10,12,8,12
"Acbd3",0.0132139684845208,2,4,12
"Gmeb2",2.92473110401132e-07,2,8,24
"Triobp",0.0455301648800821,14,14,22
"Kif16b",0.000923515236539108,10,16,24
"Ddx19a",0.107957135075003,14,12,16
"Sdf2",0.000365046901004889,2,16,24
"Sptlc2",0.00126311394977177,12,8,12
"Cask",0.00959075020095847,16,12,24
"Arid4b",0.0127232046793401,12,6,12
"Med14",0.00122701829804508,20,10,22
"Ccdc58",0.951738356738133,4,10,12
"Aip",0.00324910024349955,18,14,20
"Ppp2r1b",0.00022753443113622,8,12,22
"Polr3a",0.00840855888911647,12,6,12
"Dedd2",4.03302184727577e-17,10,8,24
"Ppp1r21",4.44773864912094e-09,2,12,24
"Tbc1d8b",0.179931358157801,6,10,24
"Zfp369",0.0166163826448697,8,10,22
"Lcn2",0.0024798189743016,12,8,12
"Cc2d1a",9.25905573683446e-11,24,12,24
"Gpr107",0.00027984867134485,12,6,12
"Pbx1",6.50741107727614e-09,10,14,24
"Vps4a",0.0364434015296548,12,6,12
"Pus10",0.189375049946062,12,8,12
"Gpr108",0.319065172870207,4,2,12
"Rnf220",0.00178679542231577,8,4,12
"Tor1a",3.43255383010079e-05,14,14,24
"0610031O16Rik",5.35966935013055e-06,10,16,24
"Akap17a",0.000941679553356798,4,10,24
"Trub1",0.0765410853955795,14,4,16
"Ssh1",0.349273699377875,6,10,20
"Ppat",3.96372706287498e-10,12,16,24
"Thumpd1",0.0109367204333119,12,4,12
"Mrpl36",0.047476015708641,10,8,16
"Etl4",0.00257642186662598,2,8,16
"Baz2b",0.14663947315549,8,4,24
"Mrps35",0.00781317922160324,12,16,22
"Gramd1a",0.000120462322532477,2,4,12
"Exoc5",0.0572058055846658,24,4,24
"Ppp1r11",0.0186690010917879,2,12,22
"Snapin",1.03467858337156e-08,10,6,24
"Anapc7",4.17787467490228e-10,6,12,24
"Hsf1",5.8050298941125e-05,2,4,24
"Nudt9",0.0240919727401082,8,18,24
"Dnajb9",0.00249343556959298,2,6,12
"Proser2",1.41809031048907e-12,22,10,24
"Smg6",2.42061837803354e-05,8,10,24
"Zfp787",1.0481942533434e-12,8,10,24
"Arhgef37",0.0199845422455706,22,4,24
"Fbl",4.68142804481931e-05,20,10,24
"Stx7",2.29344094100895e-05,24,8,24
"Bloc1s5",0.00215394099513075,4,18,24
"Phf8",0.000811710450150012,14,20,24
"Jagn1",0.00590156679967147,2,4,12
"Fbxw9",0.00215822470402037,10,12,22
"D630039A03Rik",6.75789799395189e-05,6,12,24
"Tle2",0.0125964547129511,6,4,24
"Smad1",0.000183823164156124,2,8,24
"Lrat",0.325844573667441,6,2,12
"Hdac2",0.0226027080669222,12,10,14
"Klhl42",0.00630100622793084,12,6,12
"Sdhaf2",0.126034852229766,20,6,22
"Hnmt",1.07547703425608e-07,14,10,24
"Prpf39",9.94922792889702e-09,6,12,24
"Rpf1",0.017343204826997,8,8,18
"Napg",0.0159491029353833,10,8,24
"Shroom3",0.00106803506807069,2,8,24
"Rae1",0.30579662582277,8,4,16
"Aarsd1",0.000711032246910606,10,8,12
"Ift172",0.95411042785691,12,10,14
"Stk35",9.09573266589037e-17,12,16,24
"Rbm27",0.00333809812989458,24,4,24
"Ppcs",0.297434312267975,12,8,24
"Slc16a11",1.01038152035534e-05,4,18,24
"Pygm",0.0446032375180203,10,12,24
"Pcna",0.00125122952786985,14,10,22
"Mup12",0.0541614327523133,6,14,16
"Ccnf",1.0061752289956e-08,22,14,24
"Map11",0.000295318625986148,2,4,24
"Zfp146",0.137679256835519,14,12,24
"Pphln1",0.84870003664052,24,10,24
"Aar2",0.0170260768233701,12,6,24
"Pip4k2c",0.000436401890008285,12,6,24
"Mrps22",1.1325757771806e-05,24,14,24
"Itga9",0.447093707043276,22,20,24
"Cldnd1",0.000519394179242706,2,6,12
"Mob1b",0.581890459811415,10,6,12
"Rbm14",9.63502211245899e-05,2,6,12
"Shprh",0.00894976262980688,10,4,12
"Emc2",0.000244552100855521,10,16,24
"Nfyb",1.3231693528773e-07,6,8,24
"Cnot9",1.69857107025092e-08,24,10,24
"Mta3",1.52205102679013e-09,8,6,24
"Leo1",4.64457576873962e-19,24,10,24
"Rbmx",0.293669258609047,6,10,18
"Cenpx",0.0125735180528398,14,12,24
"Fam53b",0.000406458445855635,10,16,24
"Cdc16",0.112804957149163,8,12,22
"Dixdc1",4.2330734551434e-05,6,10,24
"Thoc2l",0.000149936989581066,2,8,24
"Ppp1r7",8.04779789956607e-10,8,10,24
"Brd8",4.78318835371615e-06,8,6,24
"Gm14403",6.1852351340305e-15,12,18,24
"Zmym3",3.05314911969227e-06,6,8,24
"Prkce",0.000151773007111482,12,12,22
"Pofut2",0.000316208808348352,12,6,12
"Trim65",4.01462811668079e-06,16,14,24
"Timm17a",8.53585407390096e-05,12,6,24
"Gtf2a2",1.26552518124291e-05,12,12,24
"Kti12",0.00174679078520536,14,20,24
"Ebna1bp2",0.000275639380027522,16,12,24
"Gm38561",0.251964025083331,14,14,24
"Gpalpp1",0.0122821257487736,8,10,24
"Spryd7",0.0006926217491951,4,6,24
"Dnttip2",0.595819962528231,14,20,24
"Anapc13",0.974754376316224,4,8,14
"Ncoa5",2.62284897828084e-20,2,6,24
"Sik2",0.000863606744046101,10,8,24
"Sf3b6",0.261063087654791,14,8,16
"Hspbp1",0.0636296695992891,20,10,24
"Tnfrsf14",0.0148370060222436,12,6,16
"5730455P16Rik",0.00146752720071631,10,6,24
"Dffa",0.72424395722615,14,14,24
"Zcrb1",0.00175101671864442,10,20,24
"Socs4",1.79872828621934e-05,2,8,24
"Zfp24",0.00374049598980276,22,10,24
"Zfp292",0.137424507352051,6,12,24
"Bcorl1",0.095508520040547,2,4,12
"Unc45a",5.00235806012185e-06,24,8,24
"Klhl5",6.49755768211237e-06,8,10,24
"Spred2",1.01335653089737e-06,8,12,24
"Mtap",0.0165874736922604,2,12,18
"C1d",0.00962942196682416,6,12,24
"Polr1b",0.00737743768801616,12,18,24
"Aen",0.0174074519082606,10,8,24
"Trim27",0.00896421136096868,2,4,12
"Prpf40b",7.33367818578224e-11,24,18,24
"Uimc1",2.48115021046475e-07,8,10,24
"Yif1b",0.8421961409666,2,18,24
"Farsa",8.62100112056829e-09,2,4,24
"Trappc9",0.0140246860066553,6,12,24
"Ptcd2",0.42947305253758,12,10,12
"Zbtb22",3.05291289892296e-05,8,6,24
"Git1",0.0262805416276916,10,8,24
"Dctpp1",1.01888540094967e-06,12,18,24
"Ccdc141",0.0119579045179106,4,4,24
"Slc33a1",0.330186332437461,4,6,18
"Lman2l",6.84365202711189e-08,2,8,24
"Tm2d3",0.0613069420605573,2,8,24
"Mrto4",0.0160353636371529,14,14,22
"Rras",5.25296698499126e-06,18,6,22
"Slc46a1",0.00322843707500065,8,6,24
"Eif1ad",0.00108608932337469,12,20,24
"Crem",1.02214118856181e-07,2,8,24
"Ttc4",0.0191980283607162,10,6,22
"Icam1",0.114168389570127,12,6,12
"Bud31",0.651552045189603,6,8,18
"Cdkn1b",0.0593233772837423,8,4,24
"Brpf1",0.00797771181843505,2,4,12
"Nsf",0.00194727852106423,8,8,24
"Lpar6",3.44515977144248e-05,24,12,24
"Slc12a4",5.25181116154192e-06,2,4,12
"Stxbp5",1.06705561273386e-08,24,10,24
"Mthfr",1.05826087469733e-23,24,12,24
"Pygo2",0.000153493948453263,2,6,24
"Sgk1",0.00588662518071496,22,18,24
"Grk6",0.19084314392747,8,12,22
"Slc35e3",7.3645562763144e-06,2,4,24
"Dda1",5.93971584762346e-05,2,4,12
"Sec61b",0.118425928311726,4,4,12
"Pcid2",0.289511451885047,14,4,24
"Mdc1",0.405654266783659,24,16,24
"Tk2",2.56520096241778e-07,8,10,24
"Mrpl35",0.1484776562075,12,10,16
"Srsf9",6.60384000591927e-07,2,8,24
"Immp2l",7.66473210666369e-05,10,14,24
"L3mbtl2",0.0358733880808695,10,8,16
"Klhl25",4.92933020561052e-07,24,6,24
"Exosc7",0.00764690223785445,10,10,22
"Pcf11",0.00132027937968304,14,4,24
"Scarf1",0.00574788784281461,4,2,12
"Plekhg6",7.39150771153636e-09,10,8,24
"Ganc",1.02926765946432e-05,6,12,24
"P2ry2",3.17464279060614e-16,12,14,24
"Nelfe",6.72051309277308e-06,4,14,24
"Card6",0.0721422935022365,8,8,24
"Usp1",0.202323390864445,2,8,12
"Naa30",0.832255649127914,12,4,12
"Zfp672",0.000319617168481259,2,4,12
"Phf23",4.2016852202932e-06,12,6,12
"Ube2a",0.340423290631785,10,14,24
"Kyat3",6.71508490433012e-05,10,18,24
"Trip6",4.22125226375551e-08,4,14,24
"Cnpy3",0.0231156363809352,4,6,12
"Rhbdf2",0.00216446852285577,4,4,12
"Eloc",0.912328322974502,4,10,18
"Trappc5",0.0237836757707851,2,10,16
"Rnf139",0.0593371092946105,24,4,24
"Ston2",8.03442268660428e-05,24,12,24
"Cep250",0.0281000234227664,8,18,24
"Bahd1",0.00496155696685855,2,18,24
"Cers6",4.20256510086959e-06,12,18,24
"Ube2w",0.000310213706221141,16,8,24
"Nuak2",0.00321421447185018,22,12,24
"Isca2",0.0140694877868561,14,10,24
"Gab1",5.3263696095684e-13,14,12,24
"Relch",2.13585396927632e-07,6,6,24
"Snta1",0.0625373147563829,16,16,24
"Bag4",4.57858408357897e-06,8,18,24
"Mrpl22",0.00540506841264947,8,10,22
"Gm36317",3.26128023390079e-15,2,6,24
"Anp32e",0.0108449577184864,24,14,24
"Cptp",0.00903008149958181,10,8,16
"Zfp507",0.000626350347167268,24,10,24
"Manba",9.60464737876434e-06,24,6,24
"Pdcd5",0.750715848907265,4,8,18
"Hint3",0.0128853075078046,6,12,16
"Wdr24",1.82037513702229e-08,8,6,24
"Ppox",1.27845593532153e-07,6,8,24
"Edrf1",0.0725799112569546,2,4,12
"Acot1",6.46333277175078e-07,16,16,24
"Gcc1",0.00415114555455558,2,6,12
"Avl9",0.000147697658940039,6,10,24
"Pfdn1",0.0177784298661343,8,12,22
"Snx10",4.33489290675371e-08,12,16,24
"Ncdn",3.96284057889106e-05,12,6,12
"Ogfod2",0.0144673752394287,10,8,24
"Uba5",0.021864013141412,12,10,12
"Pgam5",0.000217900424040867,24,6,24
"Nhsl1",1.42966310611031e-05,24,10,24
"Insc",1.65368314283613e-14,24,10,24
"Rev3l",0.143854138756262,2,2,16
"Psme3ip1",2.59104540349359e-06,8,14,22
"Atg14",1.22852075985734e-09,12,6,24
"Sugp1",0.00010760362884925,6,12,24
"Scara5",1.49275025811325e-06,2,4,24
"Zeb1",0.135993142096545,2,10,16
"Fiz1",0.493420933094561,6,6,18
"Ezh1",8.70419462410563e-06,6,12,24
"Spcs1",0.229306105796661,8,12,22
"Jmjd8",0.0821411642504282,24,10,24
"Tpst1",8.60179233441028e-06,18,12,24
"Cotl1",0.116695157612605,12,6,12
"Mob4",0.000950278062521392,12,6,12
"Pde2a",5.45282398111329e-07,8,10,24
"Dhx29",4.77683824813926e-09,24,8,24
"Jmjd6",6.3064473792836e-08,2,4,12
"Ash2l",9.70493143004754e-05,8,8,24
"Mtmr14",0.0003837703035095,12,6,22
"Pla2g15",0.0118167164778054,10,16,24
"Aatf",0.00819301294756011,10,12,22
"Tmem242",0.00553275335529359,10,12,24
"Gcnt2",4.62788777100586e-08,12,14,24
"Rps6ka1",0.000290014538051975,10,12,22
"Actl6a",0.0920152247487711,2,12,18
"Marcks",0.0416915431709219,24,12,24
"Usp21",3.80154436204605e-08,2,8,24
"Eif2ak2",0.235495412597052,14,4,16
"Heatr5a",0.000319624604825856,22,14,24
"Zfp629",0.00056249416094199,14,4,24
"Adamtsl2",0.000314795357749861,2,8,12
"Mrps26",0.000629793199074588,12,6,12
"Mb21d2",1.16271286006511e-06,6,12,24
"Micall1",0.000779197799486844,2,4,12
"Tmem63a",0.0291039036048628,10,16,24
"Ogfrl1",0.000625064904566161,18,16,24
"Pgap1",1.11098941047845e-09,8,16,24
"Slc25a28",8.08837000090405e-05,8,16,24
"Etv3",0.165137018132428,12,8,12
"Fmr1",0.343720962537962,14,12,16
"Eno3",0.00101232418262486,8,18,24
"Fbxo34",5.07309263826019e-12,8,16,24
"Bcas2",0.636512272948526,14,8,16
"Srf",0.112673057540308,2,4,12
"Ostc",5.557381984528e-09,2,6,24
"Uspl1",0.034647141159884,2,4,12
"Trappc13",0.000385814862968231,12,6,12
"Ptges2",1.26698713064273e-05,12,16,24
"Tlcd1",0.0125964547129511,4,20,24
"Rassf7",0.00303609007277939,8,10,16
"L3hypdh",0.000989316814837935,16,6,24
"Elof1",0.0981232165854245,12,18,24
"Dolpp1",0.928858657449789,10,8,16
"Mrps23",0.0405709023942666,12,6,12
"Map4k2",0.000125340762717035,4,14,24
"Lgals4",0.000174532322195835,14,4,24
"Mff",0.207720831227723,12,12,22
"Socs7",0.0309734680509392,16,10,22
"St7l",0.0118579352145479,2,6,24
"Birc2",0.265251560241389,2,18,24
"Echdc1",1.8029506530884e-05,24,10,24
"Ttc13",0.0012491649861457,24,10,24
"Fam120b",7.58555508259005e-07,14,12,24
"Lrrc47",0.000207581582803787,12,6,12
"Sec14l1",0.00103934367472696,2,4,24
"Zdhhc7",0.000124537604081948,12,6,12
"Stx2",3.77760653248411e-10,22,14,24
"Efcab14",0.95226854871718,6,8,18
"Mfsd6",0.768124181451622,2,8,24
"Chpf2",3.99520627667763e-06,8,6,24
"Adsl",0.0446028464087234,12,6,12
"Ticam1",0.000998041046897594,12,10,12
"Alkbh3",3.14081127058064e-05,8,10,24
"Washc1",7.6511726054656e-08,6,12,24
"Adpgk",5.63114651018747e-05,24,4,24
"Capn10",6.23633337013075e-06,8,10,16
"Ttc19",0.0297976025208041,14,12,24
"Siah2",6.78745383296547e-05,24,8,24
"Cog2",0.00295184206247825,4,10,18
"Ccdc9",2.92348777088415e-10,8,10,24
"Gm3219",1.44912882420145e-10,4,8,24
"Spryd3",5.56665142905309e-07,2,12,22
"Rps4l",0.00205725425822615,12,6,16
"Sox6",0.217484679072409,2,8,16
"Sfi1",4.7962397187738e-07,2,4,12
"Pak4",2.66507598525096e-05,2,4,24
"Wipf2",0.202250011072048,6,6,24
"Msrb3",0.0100072770129674,2,18,24
"Golga1",0.00244244655243885,22,20,24
"Rfwd3",1.19192197865558e-06,24,14,24
"Bcl7c",4.74803628966633e-10,4,10,24
"Eif2b2",0.974315259107524,8,14,22
"Htatip2",1.33790552155334e-08,4,10,24
"Phf14",1.3930624264052e-05,12,14,24
"Rab35",0.481986747805099,2,10,16
"Crim1",0.00157723520973213,16,12,22
"Sppl2b",6.66945409536808e-10,24,10,24
"Ftsj1",0.00989567326544603,22,12,24
"Tmem161a",0.0533273486765951,24,14,24
"Pfdn6",0.518911193959832,8,10,16
"Ago3",0.0102191409152887,2,4,12
"Tmcc3",0.903923587740948,24,12,24
"Gmppa",1.77557008641363e-07,8,14,22
"Bbx",0.938160345380495,24,18,24
"Smc5",2.76543844950355e-13,2,10,24
"Ttc9c",0.0849915692223324,2,18,24
"Sdf2l1",6.71292593927267e-10,2,8,24
"Tbcb",0.734614453296225,4,12,24
"Ccdc71",0.00989878068698563,4,14,24
"Pbx2",0.0237184758567947,2,4,12
"Rchy1",2.47774007549449e-07,2,12,24
"LOC118567736",0.027848005275477,8,10,24
"Nop14",0.0130534689428994,14,20,24
"Nt5c2",0.00205027704399441,2,6,12
"Tcf4",0.478073526479044,6,12,24
"Trappc6b",0.000155800529879168,8,14,24
"Manea",0.0123857548222125,8,8,18
"Cryl1",6.93071279540605e-08,10,14,24
"Rtp4",1.67143395126596e-06,6,14,24
"Timm8b",0.947280345028131,12,6,12
"Znhit2",0.00641816869362155,8,10,16
"Rmc1",0.105995701713765,14,16,24
"Get4",3.34133556582312e-06,12,6,24
"Ckap5",0.00994004848188301,2,12,24
"Rhog",0.170654222896434,16,2,16
"Nsun4",0.0162546718166179,2,10,18
"Fam3a",0.0405780015038584,6,6,24
"Ccdc127",0.0215027901664496,2,10,16
"Elp5",0.102288890214894,12,6,12
"Brix1",0.0248194296913458,14,20,24
"Cc2d1b",0.000708729947339153,24,8,24
"Mto1",0.0011022299487114,22,14,24
"Commd7",3.5441139374114e-12,2,10,24
"Coq3",0.107413694809473,10,6,12
"1600012H06Rik",0.00460947879918956,6,16,24
"Lsm4",0.00171048651916816,14,12,24
"Ercc5",1.3973116117985e-06,8,10,24
"Gpr182",0.0477804067802756,24,6,24
"Elmod3",0.00324622386943877,16,20,24
"Utp4",0.0725733925452639,24,4,24
"Krt4",0.431639546516084,12,2,16
"Sipa1l3",0.586404873419492,6,4,12
"Usp45",0.000185505756047713,22,14,24
"Fzd8",4.25653754237331e-14,8,18,24
"Snu13",0.0249539968216157,2,6,12
"Rexo4",0.000297729072795527,2,6,12
"Dlg3",0.067373723934551,24,10,24
"Armc8",0.102537914146234,12,8,16
"Dnajc2",0.124748949537948,2,4,12
"Zbtb21",1.96723892354278e-15,24,8,24
"Btf3l4",0.0115516256530757,6,20,24
"Usp30",8.15371195935196e-05,8,10,24
"Ankrd16",9.84622159361276e-05,8,10,24
"Emsy",0.357183007782003,2,4,12
"Fbxl18",0.000175359489599607,22,20,24
"Dnmt1",0.000299704761280442,24,12,24
"Mpp5",0.723054620693565,12,14,24
"Bdp1",0.0236677964910455,2,2,12
"Trim33",0.403376396765755,22,20,24
"Ttc37",0.026173449626071,12,4,12
"Crtc1",0.494234881641808,8,6,12
"Spty2d1",0.00143710423867413,12,6,12
"Tpgs1",0.00386469500640929,10,8,16
"Ndufc1",0.0352822300532327,4,14,24
"Marchf7",1.20808082899264e-05,8,10,24
"Gpc1",9.5560082191184e-07,10,16,24
"Plekhb2",0.0602526420767312,22,20,24
"Nfatc1",0.000775828877079147,14,14,22
"Oard1",0.822914552854042,8,10,24
"Mtpap",0.94981956994119,2,8,18
"Agap1",0.0265384071135843,14,18,24
"Antkmt",0.575624734884396,4,18,22
"AI837181",0.407309686936458,8,10,24
"Parn",5.24855908547375e-10,8,10,24
"Mettl4",0.0381413899314766,8,12,24
"Eif4e3",3.84426834075151e-13,16,10,24
"Arhgap18",1.37039320837073e-08,10,4,24
"Tbce",1.17967084360226e-07,8,6,24
"Nat9",5.3224881613068e-06,10,12,22
"Ercc6",0.000129878946017742,12,6,12
"Pptc7",4.02244894528794e-10,12,16,24
"Mrpl40",0.000326510876524649,12,10,22
"Cstf2",0.000123932159462899,24,10,24
"Ssbp1",0.148142738260036,6,16,24
"Phf10",0.350448072444082,2,10,20
"Arap2",0.959660606312764,6,2,12
"Nagpa",0.0199861370198676,24,18,24
"Amdhd2",3.97376992775353e-05,14,10,24
"Plin4",0.0219590740681138,10,10,12
"Oma1",0.264681476998979,6,6,24
"Clasrp",0.0117842717274114,6,12,24
"Tbkbp1",0.0170847564216682,8,10,16
"Tubgcp3",0.000268502222024574,6,10,24
"Bet1l",0.0017947379457908,14,4,24
"Kif3b",0.0215678078901144,12,4,12
"Plpp2",0.00216446852285577,12,8,12
"Wsb1",0.0504720875277077,2,8,16
"Sae1",0.31155396436986,24,4,24
"Sema6d",0.0241933037523182,12,6,12
"Peli1",0.000271017465322228,2,10,24
"Borcs8",0.088224274130224,24,10,24
"Irf5",0.000344795684773157,22,16,24
"Fabp5",0.00548512049807152,24,10,24
"Bicra",0.00132297203343233,2,8,24
"Leprotl1",3.75732142865321e-15,24,14,24
"Dcps",0.0033916914484938,8,6,24
"Khdrbs3",1.7343473696357e-07,6,20,24
"Fam214b",8.48328957353763e-08,10,8,24
"H19",0.0104914306198842,10,20,24
"Tmem168",0.0313148716422762,8,8,24
"Sppl3",0.0104101932665203,2,10,24
"Ints6",0.0112505496403858,12,8,12
"Coa6",1.27951434519173e-10,12,20,24
"Rbfox2",0.0426290839716163,2,8,16
"Mrpl44",2.2454895875136e-05,4,14,24
"Cep164",1.2840585892639e-07,24,12,24
"Mrpl3",0.0351391113696461,2,16,24
"Pelo",7.06397794011013e-06,2,4,12
"Tmem222",0.000558971385316438,8,18,24
"Cdk17",0.00168239817700312,2,8,24
"Taf4",0.00506148127453399,2,4,12
"Mmachc",4.60468544635143e-06,14,14,24
"Nosip",5.24959451424738e-05,8,10,24
"Ifi47",0.0078523813287383,8,4,24
"Fam13b",5.13251138473001e-10,2,8,24
"Wdr20",0.00154458913134754,2,18,24
"Kdm5d",4.11630142763442e-05,8,6,24
"Emp2",0.000323315420124076,8,10,24
"Arhgap1",0.0989434972264115,22,12,24
"Dars2",0.0238927752009263,10,4,12
"Foxj2",0.334110533580501,2,6,12
"Proser1",0.0569043697186178,14,12,24
"Sun1",1.76637512272965e-05,10,8,24
"Arhgap26",0.00373675965932319,6,8,12
"Hmgxb3",1.91900946507233e-05,12,6,12
"Rbp1",0.0139997572027855,24,10,24
"Dop1a",0.0250928689324796,24,12,24
"Tec",0.00924397413553794,6,6,12
"Col6a1",0.183240577473614,20,10,20
"Rgl2",0.00241721536280141,10,8,24
"Nde1",0.141160616249595,2,12,22
"Arl8a",0.960062248617148,24,12,24
"Dis3l2",1.41275450802064e-06,8,18,24
"Asnsd1",0.00113347064376536,10,8,24
"Card10",1.24334117847523e-05,12,6,24
"Plekhj1",0.0322206983683724,2,10,22
"Ogfod1",0.0018317852887085,24,4,24
"Krit1",1.19191572770365e-06,2,6,24
"Dab2",0.334401253846838,16,4,16
"Rrp7a",0.0038301665716798,8,10,16
"Sox5",0.00853753809763397,6,12,22
"Cdk5",0.0270659325828478,8,14,22
"Mrpl11",0.12988486012836,14,14,22
"Jak2",1.25674791089751e-05,6,12,24
"Trmt2a",0.208152095483693,12,8,12
"Mafk",3.74220516981143e-13,10,8,24
"Msantd4",8.13917762167864e-06,24,14,24
"Mrpl54",0.409483096505685,10,20,24
"Flywch1",0.000141543473417324,24,14,24
"Arl4d",0.0324144030508028,20,16,24
"Gm33459",8.50599166901774e-08,22,8,24
"Mideas",0.331674188310146,22,12,24
"Pip4p1",1.87182727208348e-07,4,8,24
"Kmt5c",2.1281199889285e-11,2,8,24
"Casp3",4.1392836039846e-10,4,12,24
"Herc6",0.0281107340320011,16,4,16
"Skil",4.43804647109341e-11,2,6,24
"Rrp12",3.19457923881964e-05,14,18,24
"Polr3b",0.354171599741655,16,4,16
"Impact",3.67976248015046e-07,22,16,24
"Cadps2",0.0347295109910446,20,12,22
"Supv3l1",2.17836655961461e-08,14,14,24
"Tlr12",0.00195979406833969,10,8,16
"Apool",0.00534867542039285,14,10,24
"C1galt1",0.000288042142502278,22,20,24
"Tti1",0.344339453114981,12,10,14
"Gps2",0.112542504240941,8,14,24
"Zkscan5",0.945377336025144,6,12,16
"Commd1",0.0241050530033117,4,12,16
"Bax",0.00119003152035392,24,16,24
"Unc50",2.57417773425209e-07,8,6,24
"Rfc2",0.472195536003063,4,12,24
"Krt13",0.999999996623714,16,16,24
"Oit3",0.170346343256629,8,16,22
"Smyd2",1.33756907257671e-06,16,14,24
"Emc8",0.206384822941144,2,4,12
"Pias1",0.457221970866346,6,12,18
"Tuba1b",0.00172264160384307,24,14,24
"Nipsnap2",1.71743558307882e-06,10,8,24
"Cbl",0.0012915500400315,24,18,24
"Slc35a1",0.000671144863320605,24,10,24
"Mrpl48",1.59845782337928e-08,10,12,24
"Tmem41b",4.87055224861561e-06,2,4,24
"Maip1",0.396767104237434,8,8,12
"Mex3c",0.197887599905887,2,4,12
"Cbr4",1.00436446886963e-06,8,18,24
"Pick1",4.01693527170181e-06,24,18,24
"Ntn1",0.000400813189663196,10,8,24
"Tecpr1",6.75771327529245e-06,10,4,24
"Chfr",0.16662824225661,2,16,18
"Gale",6.25497917137059e-11,4,6,24
"Nprl3",0.0157673249998265,8,10,16
"Arhgap17",0.00209730837798932,24,12,24
"Tut1",0.000451450528576037,12,6,12
"Ccm2",0.000331094685922964,24,14,24
"Xrcc6",0.402304309936354,20,4,20
"Glce",0.00320227425704106,6,6,12
"Mup-ps12",0.000192049739945129,8,8,24
"B3galnt2",6.11561373200239e-06,2,4,24
"Arhgef40",0.222568084426192,4,14,24
"Gtf2b",0.00032358820381886,8,16,24
"Ormdl1",0.110967166633245,10,4,12
"Sumo1",3.56550173013054e-08,14,16,24
"Nipal3",0.194270020710362,8,10,22
"S100pbp",0.000435308195994384,6,10,24
"Zfp385b",1.23090525924919e-08,14,12,24
"Xpc",4.81804555917541e-05,8,10,24
"Gtf3c6",0.0371058621482131,24,12,24
"Orai3",1.20744163308402e-09,24,12,24
"Ifngr1",0.00185519194022653,12,6,12
"Grtp1",0.0169868168707009,2,16,24
"Sult1b1",1.3587445746991e-07,12,14,24
"Zbtb41",0.178276144268443,14,14,16
"Plekha1",5.2655769759191e-08,2,6,24
"Psmb9",0.00104622750328033,12,14,24
"Otud3",0.00187252761428322,20,12,22
"Sos2",0.0130897499587818,12,10,18
"Nbn",0.957178766252013,16,14,16
"Pomgnt1",0.954185853766387,4,4,22
"Samd1",5.28641926518759e-11,18,14,24
"Sult5a1",0.0154728236765415,10,10,16
"Rrp36",0.0611666812039514,8,10,22
"Hspa13",2.20843788930927e-10,24,14,24
"Zkscan7",5.64849513438074e-06,14,4,24
"1700123O20Rik",0.0223329534624426,20,18,24
"Vti1a",4.91611050736113e-06,10,8,24
"Mkrn2",0.000593872252144617,8,10,24
"Tom1l1",0.00979795644449404,8,10,24
"Fbxo42",0.842741568874512,2,2,12
"Gemin5",0.00103620621165375,8,10,16
"Nop9",0.291587225479459,2,4,12
"Tgfa",0.000500404134748903,4,6,24
"Drosha",0.950214795736841,12,4,12
"Maf1",5.83816797644466e-05,10,8,24
"Terf2ip",0.961536557340422,14,4,16
"Cd9",1.99374135825053e-07,2,18,24
"Dhrs7b",0.0630326356751465,4,10,18
"Stim2",3.49226358332732e-08,12,18,24
"Il17ra",0.00703261079223136,12,6,12
"Zkscan17",2.8319086358926e-10,8,10,24
"Ppan",0.000207398434350058,2,4,12
"Coa8",5.9947996303494e-07,12,14,24
"Lrrc42",0.000194866070508399,8,4,24
"Iqsec2",0.373479235710729,6,14,24
"Creb1",0.0410188589107071,2,6,12
"Nop58",5.09442700474837e-07,14,20,24
"Csf1",0.0010974616563656,12,18,24
"Daglb",0.00380257322357267,8,10,24
"Ccdc93",0.0220846585172936,24,20,24
"Sigirr",2.86045635917622e-05,4,10,24
"Fgd4",0.00406870820433586,22,14,24
"Lrrc41",9.42479317355579e-06,24,14,24
"Pmf1",0.00450926243114921,6,12,24
"Aimp1",0.000278629757095229,2,20,24
"Pelp1",0.000229397519102615,8,10,24
"Tlr5",2.54269468932381e-05,8,20,24
"B3gnt2",1.47028701296245e-05,2,4,12
"Sart3",0.000147496154866956,2,8,24
"Timm9",0.00146853084421609,12,20,24
"Dus3l",0.000735438859719705,2,10,24
"Ktn1",4.48391892160242e-09,10,8,24
"Gpr180",1.51635432468421e-06,10,16,24
"Glrx2",0.035223676047578,6,12,18
"Pwwp2a",0.00189967258075227,2,4,12
"Nkiras1",0.0479899493990118,2,16,24
"C1qtnf1",0.109657662229063,18,12,20
"Slc35a4",5.38796936543297e-07,12,14,24
"Sptssa",0.891758416548513,10,10,14
"Ints11",0.0881702120215331,8,8,16
"Pofut1",6.08776047089902e-05,6,8,18
"Mfsd5",0.958883245804128,6,8,14
"Lrsam1",0.00010587448143382,24,18,24
"Tceal8",9.17099856274552e-05,6,20,24
"Diablo",0.000639841852664652,10,12,24
"Mkrn2os",8.04296984837275e-06,6,10,24
"Lysmd3",0.0120087935928754,22,12,24
"Pparg",0.000150533642060452,12,12,24
"Hmox1",0.0139145196649453,12,8,12
"Morc3",1.39131463756369e-08,14,18,24
"Tmem104",0.0266554038762611,14,14,24
"Cela1",3.97309142629997e-07,6,14,24
"Olfr1033",5.57449113766382e-11,24,10,24
"Slc9a1",0.0480251313137924,6,6,24
"Atp1a2",0.000564986757067714,18,8,22
"Epc1",0.102509032621758,2,2,16
"Arrb1",0.048445765051775,22,20,24
"Epb41l2",0.903321949242058,8,2,20
"Adarb1",5.28435655702223e-07,12,16,24
"Itpa",0.0400595044649271,12,6,12
"Dcp2",0.105135500365436,10,6,12
"Atm",0.0444126423728653,10,6,12
"Rsrc1",2.33706927968036e-10,10,16,24
"Slc34a2",2.47579627231072e-09,24,10,24
"Tmem184a",0.0131342801317655,6,12,24
"Exoc8",0.00312536373995055,12,6,12
"Tasor2",0.000809029309304357,2,14,24
"Rnf145",0.00016255488325846,12,8,24
"Zfyve19",9.14307073542174e-05,6,12,24
"Tgif1",0.000287495650155182,2,10,24
"Osgepl1",2.18505556763272e-08,10,8,24
"Mxd4",0.00632484970512913,8,10,24
"D10Wsu102e",5.26949969962404e-05,12,6,12
"Nt5dc1",0.00266246559750184,6,14,24
"Ranbp6",0.0399562813950177,22,10,24
"Vps26c",0.00068248700161672,2,12,24
"Snapc3",0.0111063276327972,6,12,24
"Rogdi",0.140527714204897,14,4,16
"Mrps9",4.17877182742635e-08,10,12,24
"Sugp2",8.63747138430455e-05,2,6,24
"Zfp568",0.0117162274437809,22,8,24
"Rab22a",0.003716591142922,12,4,12
"Krba1",4.36535809618053e-05,6,12,24
"Clic3",2.98348322088437e-16,24,8,24
"Tra2a",3.58056710496244e-05,2,6,24
"Cox14",0.0627205929711583,2,12,24
"Ppil4",0.000700419825314925,2,4,12
"Ctns",6.77897165845918e-05,10,8,24
"Kdm3a",1.01350174765334e-08,2,14,24
"Invs",0.00105369095159526,24,4,24
"Iqgap1",0.366250775110457,10,10,12
"Tmem69",0.780873408515321,12,8,16
"Rsl24d1",0.11187574431245,12,6,12
"Recql5",0.0030842013022023,6,12,24
"Hps5",0.505308581028371,14,8,14
"Tmem126a",0.144976732186661,10,6,16
"Mysm1",2.87238264074128e-05,6,4,24
"Thap11",0.079469840427758,2,4,12
"Inca1",2.68430104290392e-15,8,8,24
"Appl1",1.68862322783247e-10,24,14,24
"Noa1",1.03789300864307e-06,14,18,24
"Mfap3",0.52494719318394,12,4,12
"Snx1",0.00780324532716388,6,6,24
"Myd88",0.00220186754700879,2,8,12
"Ube2o",0.0307601883934173,10,8,12
"Cactin",0.00499714041087466,2,4,12
"Rpusd3",0.00159421451660981,24,10,24
"Rnaset2a",0.2237514886249,10,8,12
"Pttg1",0.0116178415845791,10,14,24
"Pdgfrb",0.0239006110245145,24,14,24
"Zfp652",8.80768780127011e-08,22,14,24
"Fam25c",3.00357830249443e-06,24,8,24
"Traf7",0.000593390805594544,24,18,24
"Tgm1",4.24296381368346e-05,16,14,24
"Cnnm3",6.75240586892394e-12,4,8,24
"Sarnp",1.17172654478684e-05,2,10,24
"Bod1",0.236138364717784,16,10,24
"Tmem106c",0.114356771601925,8,16,24
"Acvr1b",3.27427796462182e-05,8,12,24
"Mrpl21",0.561112659617323,2,14,18
"Ppcdc",0.0106275754925034,8,10,24
"Stx12",0.033236975509019,10,18,24
"Smap1",0.915846384677582,6,6,16
"Mob3c",0.00153423724022855,14,8,24
"Ap4b1",0.907481766072953,12,4,12
"Pea15a",0.00368357539865359,24,14,24
"Tmem184c",0.21297742783145,10,10,16
"Cox17",0.0892064750360407,12,12,24
"Pnpla3",0.071843538778301,20,12,24
"Dr1",0.958685712872241,8,8,12
"Pcnt",0.000218545033958343,8,10,24
"Slf2",0.261130396936856,2,4,12
"Wdr6",1.14210693501432e-06,8,8,24
"Ndrg1",1.03302388119139e-12,4,10,24
"Nfrkb",0.690229448431341,8,8,24
"Rspry1",0.00528020187883439,24,14,24
"Nlrp12",0.000132556586216224,24,10,24
"Zbtb2",0.105581921136594,2,10,12
"Phf5a",0.101063110998015,2,4,12
"Cxcl9",0.441791252129427,16,2,16
"Polr2c",0.0586410403565363,2,4,12
"Nod1",3.1651821771603e-06,6,12,24
"Arsg",6.99886901470923e-14,4,12,24
"Ubac1",0.000123481877150558,10,20,24
"Pigo",7.85754708579931e-05,24,14,24
"Rnf7",0.371614412642454,8,14,22
"Dnajc16",0.00155879515142559,2,4,24
"Gabpb1",0.000158438924680893,2,18,24
"Mon1b",0.000589119948833392,2,8,24
"Tead3",3.7136775180037e-05,6,12,24
"Mfge8",0.12294179469445,12,10,14
"LOC118568359",1.07089962762828e-08,2,8,24
"Capza1",2.61295464146022e-07,22,12,24
"Mapk8",0.165560740202157,8,10,12
"Arfip1",0.0700449288482557,24,12,24
"Mkks",0.043754280849006,2,6,12
"Psmg1",0.457546554343986,2,12,18
"Patj",0.29766014034099,6,12,18
"Btrc",9.68220325339638e-05,10,8,24
"Polr2j",0.0715605867025578,2,4,12
"Cdk7",9.40157939726625e-06,8,10,24
"Lrfn3",2.01223157678555e-16,24,12,24
"Tmem9b",0.41509513966678,8,16,22
"Mad2l2",5.26833490776565e-17,4,10,24
"Rasal2",3.44101912689419e-06,20,8,24
"Wdfy1",0.140749092627045,6,20,24
"Them4",5.35235190034678e-13,18,12,24
"Sgf29",0.113442636282259,6,6,18
"Tcta",0.027580821577977,22,16,24
"Tmem223",0.0250080883545023,10,8,24
"1110008P14Rik",0.000495808775808314,24,8,24
"Mctp2",0.0126401249297917,24,10,24
"Emc9",0.00744796486927502,10,14,24
"Pakap",0.927339814592544,12,8,12
"Mindy2",0.134069760209135,4,20,24
"Plce1",9.6481143224352e-07,14,16,24
"Inpp5a",0.351676514548208,10,8,12
"Rhbdd3",6.66810062666195e-05,10,8,24
"Mrps16",0.632672793106869,8,12,22
"Agpat1",2.44489563613768e-08,12,20,24
"Tcp11l2",3.247278300783e-07,6,10,24
"Iba57",0.00383288016224755,20,14,24
"Ptp4a3",6.89755149016488e-08,10,10,24
"Fzr1",0.0307215707697976,8,16,22
"Dnajc15",0.173527375147535,16,12,22
"Pigu",1.60612428775999e-08,22,12,24
"Trim37",9.32408688046183e-09,24,8,24
"Nup205",8.15841917633982e-06,24,10,24
"Slc7a6os",0.0177214706305349,8,10,24
"Zfp869",0.346748976082846,2,4,12
"Ap5z1",4.62461964114436e-07,8,8,24
"Yeats4",0.00148241766070986,8,12,24
"Phospho2",0.00778183207107831,2,4,12
"Celf2",0.520292316289663,18,10,22
"Tanc1",0.000920517185176424,2,4,12
"Cxcl14",2.12288283581827e-06,2,6,24
"Ddx52",1.800698702744e-06,4,10,24
"Synj2",5.79169876094638e-09,10,8,24
"Trmt112",0.513006136368523,8,14,24
"Mrpl53",0.0542197989140115,4,6,22
"Brcc3",0.445997750235593,6,10,18
"Cep68",0.0649861321485452,2,4,12
"Snx7",2.73416914459949e-05,6,10,24
"Inhba",4.3103660819895e-08,24,8,24
"Nudt8",0.000558370987078631,14,14,22
"Anxa2",0.00237471343658044,10,8,24
"Rsad1",1.66469079469585e-11,8,10,24
"Med28",1.37920440824759e-05,4,10,24
"Fig4",0.00539413380099001,8,14,22
"Rsf1",0.0565607011930641,2,16,24
"Asap2",2.88617014310746e-17,2,10,24
"Kat5",6.4352531565019e-05,6,6,24
"B4gat1",0.0100980574762881,8,8,24
"Agtpbp1",1.66887152461013e-07,22,10,24
"Snx17",0.170922604317214,2,16,24
"Cad",6.81046310690112e-07,2,4,24
"Tiam2",0.947175536194419,10,14,24
"Sowahb",9.35380067031251e-16,2,8,24
"Pla1a",0.957325754748372,4,6,24
"Eppk1",0.0655427585481045,12,8,12
"Pias4",0.24912839446748,20,12,20
"Slc35a5",1.70939273122367e-07,10,14,24
"Spred1",4.88674720443075e-07,16,8,24
"Bpgm",0.00134450618257182,24,12,24
"Nicn1",6.96763379502138e-11,6,6,24
"Rundc3a",0.000145353348427004,24,6,24
"Alg9",0.0152631052487765,14,4,22
"Kremen1",7.89330175023738e-07,10,8,24
"Pced1a",0.000168291632490434,8,4,24
"Map3k10",0.0424068337570785,24,14,24
"Mtif3",0.201451273775969,6,6,18
"Yes1",0.187401687986948,6,10,24
"Hmg20a",0.00025526180653282,6,12,24
"Rmdn1",0.0562340593637281,12,4,16
"Bcl7b",0.773641757189219,16,10,24
"Wbp4",0.944944238165806,8,10,24
"Egfl7",8.08304458077193e-07,10,8,24
"Polb",0.000951518061620458,20,16,22
"Niban2",1.24153418254637e-05,6,12,24
"Nmi",0.00116184394776332,6,20,24
"Ssh3",9.27569539069487e-12,2,16,24
"Sft2d1",4.40848676417131e-07,10,8,24
"Yars2",0.0123769360986422,2,4,24
"2610002M06Rik",5.88665075656793e-07,8,10,24
"Tgds",0.000252836516209468,6,12,24
"Ocln",3.42340044748014e-05,6,8,24
"Smarcal1",0.000654062071817933,24,14,24
"Gpatch2l",3.018385531245e-05,24,14,24
"Helb",0.00185702931918419,8,8,24
"Zfp410",0.043474861548946,2,6,12
"Skap2",0.157048571752413,24,10,24
"Nepro",0.00011475264897339,12,16,24
"Dnase2b",0.00928775598685806,6,18,24
"Vps72",0.0011535168045061,8,4,24
"Tstd3",8.81285610376539e-08,8,10,24
"Ino80b",0.0620029079705889,10,8,16
"Ralgps2",0.000410656807599028,4,10,24
"Zxdc",1.30381416953624e-06,10,6,12
"Ifrd1",3.6516090347214e-06,2,4,12
"Rad51d",2.82227929407859e-06,6,6,24
"Acot3",6.38721768941667e-11,10,16,24
"Pecam1",0.919766360180284,10,8,12
"Olfml1",4.29001793577089e-06,8,18,24
"Pknox1",0.00048393503558645,2,8,24
"Mettl16",0.000809153387582977,22,10,24
"P3h1",9.84892443658199e-13,24,10,24
"Wrn",0.445606379809191,14,4,16
"Alg3",0.000769063123615444,18,16,24
"Plscr1",0.0331942698625206,12,10,12
"Cavin1",0.561991529279504,8,2,20
"Fktn",0.148305619528965,24,20,24
"Nup62",3.32015630077812e-12,16,18,24
"Mrpl41",2.21709702523453e-05,10,12,24
"Dstyk",0.213384990495463,22,20,24
"Odf2",0.000392291546719249,10,14,24
"Kat8",0.0177838080418874,6,8,16
"Eral1",0.108025691180567,8,16,22
"Nmnat1",0.058879769818777,10,12,24
"Slc25a33",0.00876071842220258,2,10,24
"Pdcl",0.00469822124993631,8,6,22
"Synj1",0.23342532225043,12,6,12
"Lrrc32",0.335168550549663,2,6,12
"Gpsm2",1.16500534838132e-10,6,6,24
"Atrnl1",0.0684212337093234,24,10,24
"Rpap1",6.4930209041382e-05,24,14,24
"Pfas",0.00238327564780033,8,12,24
"Btbd2",8.37085418185656e-05,8,10,24
"Pcgf5",0.00115714164159956,14,4,24
"Edc3",0.00742969945732297,6,12,16
"Ints5",1.73974250528115e-06,2,4,24
"Aga",0.959081304589041,6,10,20
"Brms1",0.273686862422055,8,14,24
"Aldoc",0.396304646069071,8,10,16
"Wdr74",0.01893324187726,2,8,18
"Cyp39a1",8.05452933422502e-09,2,4,24
"Cirbp",2.92473110401132e-07,8,8,24
"D16Ertd472e",1.32750219332961e-07,14,18,24
"Cep120",0.136112786922396,8,12,24
"Nudt13",4.08441609266034e-07,4,12,24
"Nlk",0.000147581694587377,24,10,24
"Sf3a3",1.61634595219211e-07,24,18,24
"Dock7",7.11309997423253e-08,4,10,24
"Zfp644",0.0623635380530526,10,6,24
"Atr",0.00186062341910503,12,4,12
"Fhl1",0.557282958916693,18,8,22
"Plk2",3.53765187181327e-06,2,10,24
"Map4k5",0.23885907574738,8,10,12
"Megf9",5.86490824777542e-07,22,12,24
"Raver1",0.0986186928245467,18,16,22
"Tdp2",0.000168892937621261,6,16,24
"Klc2",0.642164477943195,10,8,12
"Zfp874a",3.80642108174346e-06,8,10,22
"Timm10b",0.737872957015031,2,12,18
"Kctd2",0.00318470841453544,4,4,12
"Gm43305",0.000352724668521217,2,8,12
"Ar",0.00010097497949426,10,14,24
"Rcc1l",0.158145388256551,12,6,12
"Mier3",0.0262856815182546,2,8,16
"Cnot7",0.00705937539783458,6,14,24
"Ccndbp1",2.16455918103466e-05,6,12,24
"Chac2",0.0158129819350653,6,6,12
"Gxylt1",0.223837671635244,16,10,16
"2510002D24Rik",1.49042762229103e-09,8,12,24
"Arap3",0.00136975734786091,10,10,12
"Rnf170",0.00073966709752103,6,20,24
"Ltv1",0.413180280130021,8,8,24
"Pagr1a",0.000113950220407778,2,4,24
"Cygb",0.0001382526202306,14,10,24
"Rab4b",0.00102224774665204,2,20,24
"Cox10",0.0202084922667878,12,8,12
"Tesk2",0.0193387108135295,4,6,16
"Pcbp4",1.58402582203359e-08,10,8,24
"Rin2",0.642519660899871,14,4,16
"Depdc5",0.00188229693408122,4,14,22
"Coa7",2.91599920110197e-05,8,10,24
"Dennd10",3.75808443886964e-06,6,10,24
"Bckdk",0.00697199978974484,8,6,12
"Ptar1",0.940985898593762,8,2,16
"Cmya5",0.452942125335226,10,10,12
"Dusp22",0.00194919193001333,12,14,22
"Atg4c",3.04743053601583e-06,22,14,24
"Zfp62",6.76129460202299e-08,24,12,24
"Kctd3",0.0858529212248203,12,6,12
"Sap30l",0.0355433090072941,10,8,12
"Mbtd1",0.00258019412669839,8,10,24
"Itgal",0.00390976495641119,12,6,16
"Nr2c1",4.95880162949384e-06,4,12,24
"Rbsn",0.223351875827055,10,8,12
"Fbf1",0.000601197578763917,10,16,24
"Gatd1",9.8692398696373e-07,8,6,24
"Ston1",0.00326940819487068,22,14,24
"Zfp422",0.00139826524541534,2,10,24
"2510022D24Rik",3.79387571923982e-06,4,10,24
"Ugt1a5",0.79717565125648,4,20,24
"Polr3e",0.0204946382943354,22,12,24
"Ppp4r4",0.0445558191565527,24,20,24
"Mknk1",0.000499009706398735,18,14,22
"Cog3",0.0012688293975083,2,4,12
"Elp1",0.0952448486152287,12,6,12
"Dclre1a",3.56207251851942e-16,14,10,24
"Thoc1",2.95958109641755e-05,2,8,24
"Ano6",0.0113525815997089,24,14,24
"Mapre2",4.10074478850522e-10,16,16,24
"Utp18",8.888976350314e-05,2,6,12
"Rft1",0.000147693384663085,8,10,24
"Birc3",0.000363305612198323,6,12,24
"Thap7",0.0115311719956714,6,6,12
"Klhl22",0.00270619316363104,10,4,24
"Gm2788",1.69444832493478e-08,20,14,24
"Togaram1",0.0361534945696511,12,4,12
"Trappc4",0.1668461274652,2,16,24
"Foxn2",0.00998505354943733,4,8,16
"Uaca",5.17717484917135e-08,12,8,24
"Tgs1",0.0478936259006311,16,12,24
"Serhl",9.15870703575307e-12,12,14,24
"Mrpl32",0.0328777704797399,10,8,18
"Polr2f",0.0531475492944599,12,6,12
"Rdh5",0.561991529279504,12,6,12
"Dcaf13",6.75236386572462e-06,12,10,24
"Rhpn2",6.58890703252107e-05,20,16,24
"Ubr7",0.00466422320298041,12,6,12
"Tank",0.691599263731513,6,12,24
"Apbb3",5.57083811524114e-09,12,6,24
"Snx14",0.0432521776866956,4,10,24
"Sipa1",0.000335590926695618,22,20,24
"Ago2",0.000498194043067448,2,8,16
"Fcsk",1.07053651152372e-06,2,14,24
"Adgre5",0.0310888228847999,10,8,12
"Jarid2",0.0199609546540671,12,6,12
"Cbfb",0.00034641065285172,14,16,24
"Zscan29",0.00153796492668494,2,8,24
"Mpv17l2",0.0308670685050149,20,4,24
"Zfpl1",0.000115066409563581,8,12,22
"Camsap1",9.73078553359216e-05,2,4,12
"Plekha7",0.000479157232914537,2,6,12
"Tmem220",4.14984952575211e-05,8,18,24
"Ap5s1",0.0166104764468284,4,10,24
"Zfp180",0.052877347956101,2,4,12
"Ugcg",0.00618585497884422,16,12,24
"Uckl1",0.0888311355602866,12,6,12
"S100a16",0.028479614418228,4,10,12
"Rbm19",0.00833093677058458,12,8,12
"Msh6",0.130575697642349,8,4,24
"Snrpd2",0.126210616963488,12,6,12
"Ppp1r12b",0.141283818864403,12,6,24
"Tyw1",5.04517474588755e-07,8,8,24
"Inpp5k",2.10523195089853e-08,8,10,24
"Ankrd23",0.00752752383346138,2,4,24
"Hdhd3",3.66677211099313e-10,24,10,24
"Pkig",0.0196733185135929,12,14,22
"Hspa14",1.27152293091705e-05,8,12,24
"Rnf168",0.0657990167085692,12,8,12
"Rfx1",0.0083590580563529,18,18,24
"C2cd3",0.0130381284196884,22,12,24
"Commd6",0.0539736725657276,2,16,24
"Prpf4",0.0269866870559103,22,6,24
"Klhdc4",0.0227939351715676,8,6,18
"Sap30bp",0.186801481711756,18,4,20
"Ncbp2",9.93587016763917e-07,2,4,24
"Siglec1",0.0187211919871286,14,4,16
"Smad9",0.254382166750548,14,10,24
"Stard3",0.0415962339604131,12,8,24
"Daxx",6.40209533416807e-08,4,12,24
"Kdm6a",0.00134747151553292,2,8,24
"Tspan7",0.93308117586463,10,8,12
"Dcun1d2",0.000700936422436952,16,12,24
"Uba7",0.00516460166335018,12,6,16
"Anapc4",0.000204510031777532,8,10,24
"Ccnh",0.779161338275274,20,2,20
"Hmgn2",3.23393723243407e-11,14,12,24
"Myg1",2.97471254511749e-05,14,4,22
"Nudcd2",0.10071692133653,8,6,16
"Gm4737",4.90680852678439e-09,16,12,24
"Wdr41",4.12140881172243e-07,12,10,22
"Synpo",0.0346203114882459,2,6,12
"Ddx18",0.156816435414059,12,6,12
"Paip2b",0.102989862053308,24,14,24
"Pole4",0.00096723974051875,20,14,24
"Rnf146",0.0587987199099183,2,2,12
"Rabgef1",0.972622595594576,4,8,16
"Setd6",0.135306265584809,4,12,18
"Myl1",0.999999946789812,10,20,24
"Fgfr1",2.51518711853814e-06,12,10,24
"Pi4kb",0.000173382705557635,8,8,24
"Zbtb5",9.23098487710849e-05,22,12,24
"Gnptab",7.67277393815109e-05,12,16,22
"Lamtor5",0.0264050398074007,12,10,24
"Fam126b",3.35288216263065e-09,14,12,24
"Ears2",4.47436416013394e-06,24,10,24
"Ghdc",0.0122270489516939,4,10,24
"Zfp777",2.59358712230456e-06,8,12,24
"Sh3bp5l",0.383599040952213,2,4,12
"Btbd6",0.183780243540058,8,4,24
"Nmt2",0.97985375997949,20,16,24
"Bcl7a",0.0187758373042051,8,10,24
"Rnaset2b",0.0136262774112399,14,14,24
"Pdzd11",0.314592807247789,24,4,24
"Caml",9.2250744268536e-07,8,8,22
"Mtg2",0.0332499287263969,2,16,18
"Dtymk",0.0224829979115622,12,6,12
"Plcl2",0.000135562718746075,8,4,24
"Zfp771",0.514790104713754,2,10,18
"Rnf38",0.00978666804706345,6,14,24
"Gtf2e1",0.00119543258781841,22,6,24
"Fibp",2.94164415869082e-09,8,10,24
"Smyd5",0.000874122026845623,2,14,24
"Ddit3",0.000643757571559612,2,6,12
"Lipe",1.67676408546522e-06,12,14,24
"Fam160b2",0.0143174232687168,24,16,24
"Rtn4rl1",6.52547545370289e-16,4,6,24
"Prmt7",0.0832262278276838,10,8,12
"Mettl17",0.13133254706006,8,14,22
"Copg2",3.38073275680202e-06,12,8,22
"Magix",3.03179733245844e-10,6,8,24
"Ppp2r3d",1.27152293091705e-05,2,12,24
"Atg16l2",5.40936454668343e-09,4,6,24
"Xkr9",0.0227597354152022,22,12,24
"Dna2",2.09478414965338e-08,24,10,24
"Nsun3",0.106344632696132,6,12,24
"Amotl1",0.102288890214894,12,6,12
"Mrpl55",0.124705183841202,12,14,24
"Tmem43",0.0101054311276691,10,8,24
"Tigar",0.0174078474287133,2,4,12
"Ilvbl",0.970292000272636,4,8,12
"Tbc1d31",0.00637680211969991,12,10,24
"Dctn6",0.00108526791412665,6,12,24
"Med20",3.37814070755021e-05,2,4,12
"Tmem185a",0.000917941229529525,16,8,24
"Mis12",0.000238082582602973,12,6,12
"Gm41963",0.213027625653332,4,6,14
"Ahsa2",6.87610612479896e-07,2,4,24
"Tsc22d4",0.0117837013810827,10,10,12
"Trmt10c",0.0400337824993487,12,6,12
"Nek4",1.95021391087268e-12,2,10,24
"Ints8",3.09064860254587e-07,2,4,24
"Mtres1",0.181592833442084,8,14,24
"Orai1",0.000189611321253698,16,20,24
"Usp46",2.32057427224811e-05,22,10,24
"Zbtb39",3.64862965378298e-05,6,10,24
"Mcm7",0.000450704580787981,4,14,22
"Ntrk2",4.85167924451517e-06,10,12,24
"Arfip2",0.00222918817113317,12,8,12
"Arglu1",0.255038894585499,8,10,18
"Pcif1",1.40115870006961e-06,8,8,24
"Dact2",0.012898918415995,12,6,16
"Mtg1",0.114368618981533,14,14,22
"Ppp2r5b",0.00882755782011787,10,10,12
"Mri1",1.35768615479201e-05,8,14,22
"Chid1",2.06584355631983e-07,24,14,24
"Fmc1",0.729725024673701,10,4,12
"Foxj3",0.836533376020642,14,8,18
"Zfp317",0.951354364882407,8,6,14
"Rnf25",0.000270382331510775,12,6,12
"Mrtfa",0.575773789195388,24,4,24
"Nup85",0.139480852970912,24,18,24
"Sdhaf1",0.00149602870495728,14,18,24
"Eif1b",0.0128909800140289,2,6,12
"Ehbp1l1",0.0512369210641681,10,8,24
"Tada3",3.23110878238063e-05,24,10,24
"Akirin2",0.0340423146326798,10,8,12
"Rps6ka3",0.00616471335740391,6,14,24
"Col5a1",0.000365122440474864,6,12,24
"Peg3",0.00184671520200495,2,16,24
"Tom1",0.182797690342127,4,10,18
"Npr1",0.167507605711639,4,10,18
"Hira",0.143027369942735,14,6,22
"Cetn3",0.000141225071867004,12,10,24
"Hbb-bt",4.99422915929817e-05,24,8,24
"Bnip1",9.5329816932892e-07,8,8,24
"Enpp4",0.150596260023897,24,4,24
"Kansl1l",0.0828833172383194,2,8,16
"Timm21",0.609899587214186,12,8,16
"Kbtbd2",0.0111734459838165,2,4,12
"Lgr5",3.78492789914728e-06,24,14,24
"Socs3",0.000186806468165668,12,8,12
"Zfp703",5.56261385358975e-05,14,14,24
"Rint1",0.00662218290329329,24,12,24
"Wee1",1.42777275356985e-24,14,14,24
"Pde12",0.00136731761639324,24,6,24
"Yeats2",0.886983161092027,8,10,16
"Zrsr1",0.0508702070081801,2,10,24
"Dkc1",0.504340129545364,8,20,24
"Armc5",0.0617785809770272,2,12,18
"Pip5k1a",0.903980908663288,8,10,18
"Dpy19l3",0.343242687667783,22,16,24
"Tepsin",0.00638455394081513,2,4,12
"Tbc1d14",0.0161058097696789,8,10,12
"Nat2",0.000198235948955111,8,6,24
"Zfp217",0.00233651312770703,12,8,12
"Snx8",2.03275065192644e-06,24,8,24
"Sdad1",0.00114763475525397,12,6,12
"Pigyl",0.00153685568494095,4,6,24
"Sp100",0.00225902470729589,8,12,18
"Lims1",0.0100824780834065,10,8,24
"Ctnnbl1",0.0028343144188527,8,10,24
"Sirt5",8.86292460638258e-09,6,18,24
"Noc4l",0.00427748476708553,12,6,12
"Dnajc28",0.00176867615014143,10,8,24
"Rnf166",0.00376687565326537,12,6,12
"Tmco4",1.76287980776012e-08,12,10,24
"Riox2",0.0230328477225802,14,14,22
"Brat1",0.000506820116812528,24,18,24
"Ttyh3",0.152643800780003,8,12,22
"Hivep2",1.5005675235269e-05,12,8,12
"Gbp11",0.000968963154781358,12,16,24
"Msantd2",0.0168369954912383,2,4,12
"Med23",9.71914695197947e-05,2,12,24
"Slc25a19",0.00442038421032777,12,20,24
"Mob2",0.00114102128718495,10,8,24
"Pigv",0.385414270794729,6,6,18
"Cpsf4",2.47970315453893e-05,8,6,24
"Ilf2",0.00287020487051777,8,4,24
"C730027H18Rik",9.96870679125265e-08,6,8,24
"Tmem62",3.8654582799802e-06,24,14,24
"Fignl2",7.46255577077521e-05,4,6,24
"Hspa1b",4.86071884100157e-06,2,4,12
"Dnajc10",0.00325110127690328,10,10,22
"Trim39",0.000385289177401127,2,6,12
"Ncbp3",0.934160797807556,8,16,22
"Rnf26",0.000152920687699109,8,12,22
"Mrpl57",0.941521873005023,8,8,12
"Bin1",0.00793934007353111,2,12,24
"Fcf1",0.000183643667341415,8,10,24
"Pdcl3",1.0954140515673e-05,2,10,24
"Isg20l2",0.000455503454149238,2,4,12
"Ckmt2",0.999999999999978,10,16,24
"Commd4",0.00425977167014196,12,6,24
"Tnip1",5.58035684592919e-05,4,12,24
"Gga3",8.024663035044e-06,12,8,12
"Jmjd4",0.0867543533416634,2,4,12
"Frmd4a",3.39035336764344e-08,12,6,24
"Zbtb48",6.94729344802664e-08,8,10,24
"Cblc",1.6974925837539e-11,8,10,24
"Ajuba",1.70489911436579e-10,24,10,24
"Uck2",1.38571705256295e-10,18,12,24
"Snx6",4.16568451031069e-05,2,12,24
"Marcksl1-ps4",5.79950344962027e-16,14,12,24
"Slc12a6",0.00309809477415915,10,8,24
"Ankrd10",0.131974685322819,24,8,24
"Zw10",1.05978892966367e-05,24,6,24
"Nae1",0.0156737078814396,2,20,24
"Cfap97",0.970281357762309,14,14,24
"Fbxl14",7.24554966489379e-06,12,18,24
"Phax",0.916820046293493,16,8,16
"Zfp623",4.34855049075972e-05,2,4,12
"Rif1",0.0367734847203325,2,2,12
"Uqcc2",0.844263993132753,14,12,20
"Gask1a",8.45277918039922e-07,6,6,24
"Wdr3",0.0107211513441403,24,4,24
"Xpo4",0.00715470863372574,12,4,12
"Ercc6l2",0.00400003136259368,12,4,12
"Sec22c",4.09181526966446e-11,10,14,24
"Tle4",8.66323370822749e-06,16,12,24
"Tifa",5.37305576228084e-06,2,20,24
"Tmem160",0.0250659774479155,2,16,24
"Slco1a4",0.233493109547091,6,18,24
"Ring1",0.000171637236282634,8,4,24
"Nedd1",0.00123190905725755,6,12,24
"Ap5m1",5.63178870626034e-05,10,8,24
"Dhx57",6.71265219481419e-08,24,18,24
"Mgat5",0.000344795684773157,24,12,24
"Psip1",0.000383205454175326,24,4,24
"Adgrv1",0.0485758268593511,10,4,12
"Gga2",0.00209529372174036,22,10,24
"Sav1",0.00884228094511244,18,10,22
"Kbtbd4",0.0984287226957244,12,4,22
"Agps",0.907700424313049,12,8,12
"Mrpl46",0.00229671643110897,8,14,22
"Hgf",0.143247605447573,14,4,16
"Usp42",0.0422567559682718,14,12,24
"Gtf3c3",0.00057461416934354,6,12,24
"Sgms1",1.34440020855117e-08,10,10,24
"Tmem129",0.685690844676378,18,4,22
"Gm40656",5.11532768314367e-15,14,10,24
"Suco",0.141417154927475,10,8,12
"Rusf1",0.0112256114020357,6,12,24
"Elmod2",0.00301197176350904,8,12,24
"Zbtb11",0.000142100391584989,2,2,12
"Fam76a",8.179892308314e-13,10,18,24
"Utp11",0.638949389749491,14,8,18
"Anks3",0.00275512312335057,4,2,12
"Thap4",3.7202989689245e-06,6,8,24
"Fkrp",0.0220326294528179,10,6,24
"Supt4a",0.244560315849494,8,8,12
"Cybb",0.0100702921039083,16,2,16
"Btg2",0.0360846040094057,2,4,24
"Rmnd5b",0.0180864437098823,4,10,24
"Tpd52",0.000333787728082473,24,8,24
"Slc5a6",2.88541710483002e-11,12,10,24
"Tmem9",6.862846439108e-06,14,10,22
